"Artist","artist_id","genres","followers","artist_popularity","alternative rock","art pop","australian pop","canadian pop","dance pop","edm","electropop","hopebeat","house","indie pop","indie poptimism","indietronica","metropopolis","pop","pop dance","pop edm","pov: indie","rock","swedish idol pop","swedish pop","talent show","tropical","tropical house","uk pop"
"*NSYNC","6Ff53KvcvAj5U7Z1vojB5o","boy band,dance pop,pop",1998569,67,0,0,0,0,1,0,0,0,0,0,0,0,0,1,0,0,0,0,0,0,0,0,0,0
"3LAU","4YLQaW1UU3mrVetC8gNkg5","edm,electro house,mashup,pop dance,progressive electro house,progressive house",336547,55,0,0,0,0,0,1,0,0,1,0,0,0,0,1,1,0,0,0,0,0,0,0,0,0
"3OH!3","0FWzNDaEu9jdgcYTbcOa4F","electropowerpop,pop punk,pop rap,post-teen pop",933895,62,0,0,0,0,0,0,0,0,0,0,0,0,0,1,0,0,0,0,0,0,0,0,0,0
"5 Seconds of Summer","5Rl15oVamLq7FbSb0NNBNy","boy band,pop",9385001,78,0,0,0,0,0,0,0,0,0,0,0,0,0,1,0,0,0,0,0,0,0,0,0,0
"90's kids","6vPr4VCSFC3nJMw0mEBsn0","columbus ohio indie,hopebeat",23546,32,0,0,0,0,0,0,0,1,0,0,0,0,0,0,0,0,0,0,0,0,0,0,0,0
"a-ha","2jzc5TC5TVFLXQlBNiIUzE","new romantic,new wave,new wave pop,permanent wave,soft rock,synthpop",1999149,72,0,0,0,0,0,0,0,0,0,0,0,0,0,1,0,0,0,1,0,0,0,0,0,0
"A Great Big World","5xKp3UyavIBUsGy3DQdXeF","neo mellow,piano rock,pop rock,viral pop",546665,61,0,0,0,0,0,0,0,0,0,0,0,0,0,1,0,0,0,1,0,0,0,0,0,0
"A Touch of Class","5wTdspmxzb8V4ZjvDodpBo","europop",27314,63,0,0,0,0,0,0,0,0,0,0,0,0,0,0,0,0,0,0,0,0,0,0,0,0
"Aaron Daniel Jacob","66UhqZvodlJrHVZ3J8yrVC","",1279,33,0,0,0,0,0,0,0,0,0,0,0,0,0,0,0,0,0,0,0,0,0,0,0,0
"ABBA","0LcJLqbBmaGUft1e9Mm8HV","europop,swedish pop",10273181,80,0,0,0,0,0,0,0,0,0,0,0,0,0,1,0,0,0,0,0,1,0,0,0,0
"AC/DC","711MCceyCBcFnzjGY4Q7Un","australian rock,hard rock,rock",26499343,81,0,0,0,0,0,0,0,0,0,0,0,0,0,0,0,0,0,1,0,0,0,0,0,0
"Ace of Base","5ksRONqssB7BR161NTtJAm","eurodance,europop,new wave pop",677578,64,0,0,0,0,0,0,0,0,0,0,0,0,0,1,0,0,0,0,0,0,0,0,0,0
"Adele","4dpARuHxo51G3z768sgnrY","british soul,pop,pop soul,uk pop",48548855,86,0,0,0,0,0,0,0,0,0,0,0,0,0,1,0,0,0,0,0,0,0,0,0,1
"Agnes","6SsTlCsuCYleNza6xGwynu","swedish electropop,swedish idol pop,swedish pop",125605,55,0,0,0,0,0,0,1,0,0,0,0,0,0,1,0,0,0,0,1,1,0,0,0,0
"Alan Jackson","4mxWe1mtYIYfP040G38yvS","country",2344422,72,0,0,0,0,0,0,0,0,0,0,0,0,0,0,0,0,0,0,0,0,0,0,0,0
"Alan Walker","7vk5e3vY1uw9plTHJAMwjN","electro house",37996861,81,0,0,0,0,0,0,0,0,0,0,0,0,0,0,0,0,0,0,0,0,0,0,0,0
"Alessia Cara","2wUjUUtkb5lvLKcGKsKqsR","canadian contemporary r&b,canadian pop,pop",11474912,74,0,0,0,1,0,0,0,0,0,0,0,0,0,1,0,0,0,0,0,0,0,0,0,0
"Alesso","4AVFqumd2ogHFlRbKIjp1t","dance pop,edm,pop,pop dance,progressive electro house,tropical house",3943319,75,0,0,0,0,1,1,0,0,1,0,0,0,0,1,1,0,0,0,0,0,0,1,1,0
"Alex Clare","5Tf4EH8tDvznnjULcFxkIl","modern alternative rock",641841,53,0,0,0,0,0,0,0,0,0,0,0,0,0,0,0,0,0,0,0,0,0,0,0,0
"Alex Newell","2vGaSKEDFsVPBgcnGxqlBN","indie poptimism,strut",49935,52,0,0,0,0,0,0,0,0,0,0,1,0,0,0,0,0,0,0,0,0,0,0,0,0
"Alexandra Stan","0BmLNz4nSLfoWYW1cYsElL","romanian pop",374855,61,0,0,0,0,0,0,0,0,0,0,0,0,0,0,0,0,0,0,0,0,0,0,0,0
"Alice Chater","6MwwUAN4kN0umzSH7w6y93","uk pop",45706,42,0,0,0,0,0,0,0,0,0,0,0,0,0,0,0,0,0,0,0,0,0,0,0,1
"Allie X","0wnYgCeP013HkKoOyC5V32","alt z,canadian electropop,canadian pop,dark pop,electropop,metropopolis",833661,53,0,0,0,1,0,0,1,0,0,0,0,0,1,1,0,0,0,0,0,0,0,0,0,0
"Alok","0NGAZxHanS9e0iNHpR8f2W","electro house,pop nacional,sertanejo universitario,slap house",12137937,79,0,0,0,0,0,0,0,0,1,0,0,0,0,1,0,0,0,0,0,0,0,0,0,0
"Alvin & The Chipmunks","4kwxTgCKMipBKhSnEstNKj","alternative dance,alternative rock,art pop,baltimore indie,chillwave,dream pop,experimental pop,freak folk,indie rock,neo-synthpop,noise pop",511378,51,1,1,0,0,0,0,0,0,0,0,0,0,0,1,0,0,0,1,0,0,0,0,0,0
"Aly & AJ","5wugb0kaq0J6nyQ5Xgd17i","dance pop,girl group,post-teen pop",651847,57,0,0,0,0,1,0,0,0,0,0,0,0,0,1,0,0,0,0,0,0,0,0,0,0
"Andrea Bocelli","4S9EykWXhStSc15wEx8QFK","canadian pop",7356958,74,0,0,0,1,0,0,0,0,0,0,0,0,0,0,0,0,0,0,0,0,0,0,0,0
"Andy Williams","4sj6D0zlMOl25nprDJBiU9","adult standards,easy listening",488055,56,0,0,0,0,0,0,0,0,0,0,0,0,0,0,0,0,0,0,0,0,0,0,0,0
"Angela Lansbury","0LtVJXnPR8msCJiE2DjHxy","movie tunes",28770,55,0,0,0,0,0,0,0,0,0,0,0,0,0,0,0,0,0,0,0,0,0,0,0,0
"Anna Kendrick","6xfqnpe2HnLVUaYXs2F8YS","hollywood",338295,64,0,0,0,0,0,0,0,0,0,0,0,0,0,0,0,0,0,0,0,0,0,0,0,0
"Annie Murphy","1BQ7bBC8UjUtOkAmUxTx24","",2974,25,0,0,0,0,0,0,0,0,0,0,0,0,0,0,0,0,0,0,0,0,0,0,0,0
"Antillas","32jVfYlA5WRROJEYwCa1oo","deep uplifting trance",7877,33,0,0,0,0,0,0,0,0,0,0,0,0,0,0,0,0,0,0,0,0,0,0,0,0
"Aretha Franklin","7nwUJBm0HE4ZxD3f5cy5ok","classic soul,jazz blues,memphis soul,soul,southern soul,vocal jazz",3138052,71,0,0,0,0,0,0,0,0,0,0,0,0,0,0,0,0,0,0,0,0,0,0,0,0
"Ariana Grande","66CXWjxzNUsdJxJ2JdwvnR","pop",90549423,89,0,0,0,0,0,0,0,0,0,0,0,0,0,1,0,0,0,0,0,0,0,0,0,0
"Armin van Buuren","0SfsnGyD8FpIN4U4WCkBZ5","dutch trance,edm,pop dance,progressive house,trance",4266343,74,0,0,0,0,0,1,0,0,1,0,0,0,0,1,1,0,0,0,0,0,0,0,0,0
"Arty","1rSGNXhhYuWoq9BEz5DZGO","big room,edm,electro house,pop dance,progressive electro house,progressive house,russian edm,trance",185193,60,0,0,0,0,0,1,0,0,1,0,0,0,0,1,1,0,0,0,0,0,0,0,0,0
"Ashley O","14scxEoUN7Dcx1m4EQ7oHe","",59916,43,0,0,0,0,0,0,0,0,0,0,0,0,0,0,0,0,0,0,0,0,0,0,0,0
"ASTR","3GJhraAgCA8s8XHENnDsXq","vapor pop",41619,31,0,0,0,0,0,0,0,0,0,0,0,0,0,0,0,0,0,0,0,0,0,0,0,0
"Astrid S","3AVfmawzu83sp94QW7CEGm","alt z,norwegian pop,pop,uk pop",1292696,67,0,0,0,0,0,0,0,0,0,0,0,0,0,1,0,0,0,0,0,0,0,0,0,1
"Audiomachine","5F4ObszoeVebqtc0B3XqJa","epicore",242205,56,0,0,0,0,0,0,0,0,0,0,0,0,0,0,0,0,0,0,0,0,0,0,0,0
"Audrey Assad","1GKYNY4rIPnOuTfC0J1IWw","roots worship",136559,51,0,0,0,0,0,0,0,0,0,0,0,0,0,0,0,0,0,0,0,0,0,0,0,0
"Auli'i Cravalho","5mnS9jJdKQQcRSqFu5YPVe","movie tunes",107232,64,0,0,0,0,0,0,0,0,0,0,0,0,0,0,0,0,0,0,0,0,0,0,0,0
"Ava Max","4npEfmQ6YuiwW1GpUmaq3F","pop",5893997,80,0,0,0,0,0,0,0,0,0,0,0,0,0,1,0,0,0,0,0,0,0,0,0,0
"Avicii","1vCWHaC5f2uS3yhpwWbIA6","edm,pop,pop dance",22865327,81,0,0,0,0,0,1,0,0,0,0,0,0,0,1,1,0,0,0,0,0,0,0,0,0
"Avril Lavigne","0p4nmQO2msCgU4IF37Wi3j","canadian pop,candy pop,pop",9878754,76,0,0,0,1,0,0,0,0,0,0,0,0,0,1,0,0,0,0,0,0,0,0,0,0
"Axwell /\ Ingrosso","2XnBwblw31dfGnspMIwgWz","edm,pop dance,progressive electro house,tropical house",2452893,65,0,0,0,0,0,1,0,0,1,0,0,0,0,1,1,0,0,0,0,0,0,1,1,0
"Backfrom84","03z35qBs060wfVNOZokjvV","",956,12,0,0,0,0,0,0,0,0,0,0,0,0,0,0,0,0,0,0,0,0,0,0,0,0
"Backstreet Boys","5rSXSAkZ67PYJSvpUpkOr7","boy band,dance pop,pop",5173925,75,0,0,0,0,1,0,0,0,0,0,0,0,0,1,0,0,0,0,0,0,0,0,0,0
"Baljeet","3UtXZpKLtSrWAN6orJKKgx","",1096,12,0,0,0,0,0,0,0,0,0,0,0,0,0,0,0,0,0,0,0,0,0,0,0,0
"Bananarama","3sc7iUG1Wwpwx7bHeZolgx","girl group,hi-nrg,new romantic,new wave,new wave pop,soft rock",712187,56,0,0,0,0,0,0,0,0,0,0,0,0,0,1,0,0,0,0,0,0,0,0,0,0
"Band Aid","35S20clEkkSNUo23ViaslZ","musical advocacy",25695,35,0,0,0,0,0,0,0,0,0,0,0,0,0,0,0,0,0,0,0,0,0,0,0,0
"Bastille","7EQ0qTo7fWT7DPxmxtSYEc","metropopolis,modern rock,pop",5356441,74,0,0,0,0,0,0,0,0,0,0,0,0,1,1,0,0,0,1,0,0,0,0,0,0
"Bebe Rexha","64M6ah0SkkRsnPGtGiRAbb","dance pop,pop",8216145,82,0,0,0,0,1,0,0,0,0,0,0,0,0,1,0,0,0,0,0,0,0,0,0,0
"Belinda Carlisle","7xkAwz0bQTGDSbkofyQt3U","new romantic,new wave pop,soft rock,synthpop",773417,61,0,0,0,0,0,0,0,0,0,0,0,0,0,1,0,0,0,1,0,0,0,0,0,0
"Ben Haenow","2eHEzcBykQCBbtWvYLjHHE","talent show,uk pop",87360,36,0,0,0,0,0,0,0,0,0,0,0,0,0,0,0,0,0,0,0,0,1,0,0,1
"Ben Platt","6qGkLCMQkNGOJ079iEcC5k","broadway,show tunes",468205,63,0,0,0,0,0,0,0,0,0,0,0,0,0,0,0,0,0,0,0,0,0,0,0,0
"Benjamin Ingrosso","7jEEE187pVG6InOxn03oA5","swedish pop",172521,65,0,0,0,0,0,0,0,0,0,0,0,0,0,0,0,0,0,0,0,1,0,0,0,0
"Bette Midler","13y0kncDD4J9wxCyfKr10W","adult standards,new wave pop,soft rock",686674,57,0,0,0,0,0,0,0,0,0,0,0,0,0,1,0,0,0,0,0,0,0,0,0,0
"Betty Who","0t3QQl52F463sxGXb1ckhB","australian dance,dance pop,electropop,metropopolis",297881,54,0,0,0,0,1,0,1,0,0,0,0,0,1,1,0,0,0,0,0,0,0,0,0,0
"Beyonce","6vWDO969PvNqNYHIOW5v0m","pop,r&b",34626647,87,0,0,0,0,0,0,0,0,0,0,0,0,0,1,0,0,0,0,0,0,0,0,0,0
"Billy Idol","7lzordPuZEXxwt9aoVZYmG","album rock,classic rock,dance rock,hard rock,new romantic,new wave,new wave pop,rock,soft rock,synthpop",1667507,70,0,0,0,0,0,0,0,0,0,0,0,0,0,1,0,0,0,1,0,0,0,0,0,0
"Billy Joel","6zFYqv1mOsgBRQbae3JJ9e","album rock,classic rock,heartland rock,mellow gold,piano rock,rock,singer-songwriter,soft rock",5152445,77,0,0,0,0,0,0,0,0,0,0,0,0,0,0,0,0,0,1,0,0,0,0,0,0
"Bing Crosby","6ZjFtWeHP9XN7FeKSUe80S","adult standards,easy listening,lounge",453440,54,0,0,0,0,0,0,0,0,0,0,0,0,0,0,0,0,0,0,0,0,0,0,0,0
"Blondie","4tpUmLEVLCGFr93o8hFFIB","candy pop,new wave pop,permanent wave,power pop,rock",1265714,70,0,0,0,0,0,0,0,0,0,0,0,0,0,1,0,0,0,1,0,0,0,0,0,0
"Bob Rivers","2v7Q2VJ6Xo1rwwhfJ6piQw","comic,parody",9819,21,0,0,0,0,0,0,0,0,0,0,0,0,0,0,0,0,0,0,0,0,0,0,0,0
"Bobby Helms","38EmEgXkgK51MT2tPY0EoC","",30982,42,0,0,0,0,0,0,0,0,0,0,0,0,0,0,0,0,0,0,0,0,0,0,0,0
"Bon Jovi","58lV9VcRSjABbAbfWS6skp","glam metal,rock",12235189,78,0,0,0,0,0,0,0,0,0,0,0,0,0,0,0,0,0,1,0,0,0,0,0,0
"Bonnie McKee","7dtJROxWQe3fxxF5t7o67N","candy pop",65433,39,0,0,0,0,0,0,0,0,0,0,0,0,0,0,0,0,0,0,0,0,0,0,0,0
"Bonnie Tyler","0SD4eZCN4Kr0wQk56hCdh2","europop,new wave pop,soft rock",1734847,67,0,0,0,0,0,0,0,0,0,0,0,0,0,1,0,0,0,0,0,0,0,0,0,0
"Boris Karloff","1W9sjfsJp3TqWFgvScMZdG","drama",8454,29,0,0,0,0,0,0,0,0,0,0,0,0,0,0,0,0,0,0,0,0,0,0,0,0
"Bowling for Soup","5ND0mGcL9SKSjWIjPd0xIb","neon pop punk,pop punk,texas pop punk",1055803,61,0,0,0,0,0,0,0,0,0,0,0,0,0,1,0,0,0,0,0,0,0,0,0,0
"Boys Like Girls","0vWCyXMrrvMlCcepuOJaGI","neon pop punk,pop punk",1151338,60,0,0,0,0,0,0,0,0,0,0,0,0,0,1,0,0,0,0,0,0,0,0,0,0
"Breathe Carolina","53M4Iv2RkzzxFFvW2B1jhC","electropowerpop,neon pop punk,trancecore",358405,55,0,0,0,0,0,0,0,0,0,0,0,0,0,1,0,0,0,0,0,0,0,0,0,0
"Brenda Lee","4cPHsZM98sKzmV26wlwD2W","adult standards,easy listening,lounge,rockabilly",314751,55,0,0,0,0,0,0,0,0,0,0,0,0,0,0,0,0,0,1,0,0,0,0,0,0
"Britney Spears","26dSoYclwsYLMAKD3tpOr4","dance pop,pop",12305769,80,0,0,0,0,1,0,0,0,0,0,0,0,0,1,0,0,0,0,0,0,0,0,0,0
"Britt Nicole","6BXionV4R0BunrFpSwIMUK","ccm,cedm,christian alternative rock,christian music,worship",367892,52,1,0,0,0,0,1,0,0,0,0,0,0,0,0,0,0,0,1,0,0,0,0,0,0
"Bruce Springsteen","3eqjTLE0HfPfh78zjh6TqT","heartland rock,mellow gold,permanent wave,rock,singer-songwriter",5591055,76,0,0,0,0,0,0,0,0,0,0,0,0,0,0,0,0,0,1,0,0,0,0,0,0
"Bruno Mars","0du5cEVh5yTK9QJze8zA0C","dance pop,pop",48306533,88,0,0,0,0,1,0,0,0,0,0,0,0,0,1,0,0,0,0,0,0,0,0,0,0
"Bryan Adams","3Z02hBLubJxuFJfhacLSDc","canadian pop,canadian singer-songwriter,classic canadian rock,heartland rock,mellow gold,soft rock",3129335,75,0,0,0,1,0,0,0,0,0,0,0,0,0,1,0,0,0,1,0,0,0,0,0,0
"Burl Ives","0MHgLfmQdutffmvWe5XBTN","american folk revival",86422,41,0,0,0,0,0,0,0,0,0,0,0,0,0,0,0,0,0,0,0,0,0,0,0,0
"Cady Groves","4uIDwHKFKJQiY8aLttzFUh","alternative pop rock",38299,32,0,0,0,0,0,0,0,0,0,0,0,0,0,0,0,0,0,0,0,0,0,0,0,0
"Calum Scott","6ydoSd3N2mwgwBHtF6K7eX","pop",5106161,77,0,0,0,0,0,0,0,0,0,0,0,0,0,1,0,0,0,0,0,0,0,0,0,0
"Calvin Harris","7CajNmpbOovFoOoasH2HaY","dance pop,edm,electro house,house,pop,progressive house,uk dance",23397546,86,0,0,0,0,1,1,0,0,1,0,0,0,0,1,0,0,0,0,0,0,0,0,0,0
"Camp Kubrick","3RCqYRekSt6ttwZdkFhmnk","",5035,29,0,0,0,0,0,0,0,0,0,0,0,0,0,0,0,0,0,0,0,0,0,0,0,0
"Candace","0zAjE3KMGAsizj1VNhYPxf","movie tunes",7632,43,0,0,0,0,0,0,0,0,0,0,0,0,0,0,0,0,0,0,0,0,0,0,0,0
"Cardiknox","68xcbQiyjcmPsgRChCm2wj","indie poptimism",7296,20,0,0,0,0,0,0,0,0,0,0,1,0,0,0,0,0,0,0,0,0,0,0,0,0
"Carlie Hanson","3mPc8WGusz2XF3Tvs3AKCR","alt z",453160,50,0,0,0,0,0,0,0,0,0,0,0,0,0,0,0,0,0,0,0,0,0,0,0,0
"Carly Rae Jepsen","6sFIWsNpZYqfjUpaCgueju","canadian pop,dance pop,pop",5204884,72,0,0,0,1,1,0,0,0,0,0,0,0,0,1,0,0,0,0,0,0,0,0,0,0
"Carmen Twillie","6O3ZB5Cz5CNT3wQWouKcNJ","movie tunes",8709,50,0,0,0,0,0,0,0,0,0,0,0,0,0,0,0,0,0,0,0,0,0,0,0,0
"Carolina Gaitan - La Gaita","29PgYEggDV3cDP9QYTogwv","movie tunes",48830,59,0,0,0,0,0,0,0,0,0,0,0,0,0,0,0,0,0,0,0,0,0,0,0,0
"Carpenter Brut","1l2oLiukA9i5jEtIyNWIEP","cyberpunk,darksynth,synthwave",377948,56,0,0,0,0,0,0,0,0,0,0,0,0,0,0,0,0,0,0,0,0,0,0,0,0
"Carrie Underwood","4xFUf1FHVy696Q1JQZMTRj","classic oklahoma country,contemporary country,country,country dawn,dance pop",5758247,72,0,0,0,0,1,0,0,0,0,0,0,0,0,0,0,0,0,0,0,0,0,0,0,0
"Cascada","0N0d3kjwdY2h7UVuTdJGfp","eurodance,europop,german techno,melbourne bounce international",482988,66,0,0,0,0,0,0,0,0,0,0,0,0,0,1,0,0,0,0,0,0,0,0,0,0
"Cash Cash","1LOB7jTeEV14pHai6EXSzF","dance pop,edm,electro house,electropowerpop,pop dance",682044,62,0,0,0,0,1,1,0,0,1,0,0,0,0,1,1,0,0,0,0,0,0,0,0,0
"Cass Elliot","5jX7X3kRkfJTRqAdT7RcHk","",64414,52,0,0,0,0,0,0,0,0,0,0,0,0,0,0,0,0,0,0,0,0,0,0,0,0
"Celine Dion","4S9EykWXhStSc15wEx8QFK","canadian pop",7356958,74,0,0,0,1,0,0,0,0,0,0,0,0,0,0,0,0,0,0,0,0,0,0,0,0
"Chaka Khan","6mQfAAqZGBzIfrmlZCeaYT","disco,funk,neo soul,quiet storm,soul",1495436,63,0,0,0,0,0,0,0,0,0,0,0,0,0,0,0,0,0,0,0,0,0,0,0,0
"Chantal Kreviazuk","1x1NsoNPyVy6FlgSLSovSk","canadian pop,candy pop,ectofolk,lilith,new wave pop,piano rock",78896,43,0,0,0,1,0,0,0,0,0,0,0,0,0,1,0,0,0,0,0,0,0,0,0,0
"Charli Adams","2RzQznPCFWvnq3wBh0zzD2","nashville singer-songwriter",18760,37,0,0,0,0,0,0,0,0,0,0,0,0,0,0,0,0,0,0,0,0,0,0,0,0
"Charli XCX","25uiPmTg16RbhZWAqwLBy5","art pop,candy pop,metropopolis,pop,uk pop",2854892,75,0,1,0,0,0,0,0,0,0,0,0,0,1,1,0,0,0,0,0,0,0,0,0,1
"Charlie Puth","6VuMaDnrHyPL1p4EHjYLi7","pop,viral pop",20297834,83,0,0,0,0,0,0,0,0,0,0,0,0,0,1,0,0,0,0,0,0,0,0,0,0
"Cheat Codes","7DMveApC7UnC2NPfPvlHSU","edm,pop,pop dance",2173270,69,0,0,0,0,0,1,0,0,0,0,0,0,0,1,1,0,0,0,0,0,0,0,0,0
"Cher","72OaDtakiy6yFqkt4TsiFt","dance pop,pop",2963554,68,0,0,0,0,1,0,0,0,0,0,0,0,0,1,0,0,0,0,0,0,0,0,0,0
"Cher Lloyd","4m4SfDVbF5wxrwEjDKgi4k","dance pop,pop,post-teen pop,talent show",2674944,60,0,0,0,0,1,0,0,0,0,0,0,0,0,1,0,0,0,0,0,0,1,0,0,0
"Christina Aguilera","1l7ZsJRRS8wlW3WfJfPfNS","dance pop,pop",7576135,77,0,0,0,0,1,0,0,0,0,0,0,0,0,1,0,0,0,0,0,0,0,0,0,0
"Christina Grimmie","0Cav8jyZKAHMFbAusOmjku","post-teen pop,viral pop",467414,48,0,0,0,0,0,0,0,0,0,0,0,0,0,1,0,0,0,0,0,0,0,0,0,0
"Christina Milian","4eAOcbAXIF4BmbN6E1QIlw","dance pop,hip pop,post-teen pop,r&b,urban contemporary",1317608,52,0,0,0,0,1,0,0,0,0,0,0,0,0,1,0,0,0,0,0,0,0,0,0,0
"Christina Perri","7H55rcKCfwqkyDFH9wpKM6","pop",3594181,71,0,0,0,0,0,0,0,0,0,0,0,0,0,1,0,0,0,0,0,0,0,0,0,0
"Christine and the Queens","04vj3iPUiVh5melWr0w3xT","art pop,electro-pop francais,metropopolis,shimmer pop",652664,59,0,1,0,0,0,0,0,0,0,0,0,0,1,1,0,0,0,0,0,0,0,0,0,0
"Chromeo","2mV8aJphiSHYJf43DxL7Gt","alternative dance,dance rock,filter house,indietronica,neo-synthpop,nu disco",379485,56,0,0,0,0,0,0,0,0,1,0,0,1,0,1,0,0,0,1,0,0,0,0,0,0
"Chumbawamba","0TcYeHEK9sBtv7xPbKhzHz","anarcho-punk",95972,54,0,0,0,0,0,0,0,0,0,0,0,0,0,0,0,0,0,0,0,0,0,0,0,0
"CHVRCHES","3CjlHNtplJyTf9npxaPl5w","indietronica,metropopolis,neo-synthpop,shimmer pop",1359944,64,0,0,0,0,0,0,0,0,0,0,0,1,1,1,0,0,0,0,0,0,0,0,0,0
"Ciara","2NdeV5rLm47xAvogXrYhJX","dance pop,hip pop,pop,r&b,urban contemporary",6154140,71,0,0,0,0,1,0,0,0,0,0,0,0,0,1,0,0,0,0,0,0,0,0,0,0
"Clay Aiken","13aBWT8LN4oNWWGFOu96MA","idol",61261,33,0,0,0,0,0,0,0,0,0,0,0,0,0,0,0,0,0,0,0,0,0,0,0,0
"Clean Bandit","6MDME20pz9RveH9rEXvrOM","pop,uk dance,uk funky",5177099,74,0,0,0,0,0,0,0,0,0,0,0,0,0,1,0,0,0,0,0,0,0,0,0,0
"Cliff Edwards","0aeRagbqQCOKkVURrvcMrn","movie tunes",7782,42,0,0,0,0,0,0,0,0,0,0,0,0,0,0,0,0,0,0,0,0,0,0,0,0
"Cobie Smulders","6BHT3tdTesGiMR817YFQNE","",2142,16,0,0,0,0,0,0,0,0,0,0,0,0,0,0,0,0,0,0,0,0,0,0,0,0
"Cobra Starship","2aYJ5LAta2ScCdfLhKgZOY","neon pop punk,pop punk,post-teen pop",498816,57,0,0,0,0,0,0,0,0,0,0,0,0,0,1,0,0,0,0,0,0,0,0,0,0
"Colbie Caillat","6aZyMrc4doVtZyKNilOmwu","dance pop,neo mellow,pop",2468524,69,0,0,0,0,1,0,0,0,0,0,0,0,0,1,0,0,0,0,0,0,0,0,0,0
"Coldplay","4gzpq5DPGxSnKTe4SA8HAU","permanent wave,pop",44338755,89,0,0,0,0,0,0,0,0,0,0,0,0,0,1,0,0,0,0,0,0,0,0,0,0
"Colony House","6R664N4cEza3eORSqKSgO4","hopebeat,pov: indie",194516,54,0,0,0,0,0,0,0,1,0,0,0,0,0,0,0,0,1,0,0,0,0,0,0,0
"Conan Gray","4Uc8Dsxct0oMqx0P6i60ea","bedroom pop,pop,pov: indie",7988813,80,0,0,0,0,0,0,0,0,0,0,0,0,0,1,0,0,1,0,0,0,0,0,0,0
"Conrad Sewell","1rw8ZTLnDHd74TWDDukjVi","australian pop",109678,61,0,0,1,0,0,0,0,0,0,0,0,0,0,0,0,0,0,0,0,0,0,0,0,0
"Coy","5tbKiV0G6Xx529nPcTapgF","",611,16,0,0,0,0,0,0,0,0,0,0,0,0,0,0,0,0,0,0,0,0,0,0,0,0
"Cutting Crew","3cniTumSiUysiPWXapGx1i","album rock,new romantic,new wave,new wave pop,soft rock,synthpop",372990,61,0,0,0,0,0,0,0,0,0,0,0,0,0,1,0,0,0,1,0,0,0,0,0,0
"CXLOE","6M25WWmNO7wK1DnKmd3z6R","alt z,australian alternative pop,australian electropop",51661,42,0,0,0,0,0,0,0,0,0,0,0,0,0,1,0,0,0,0,0,0,0,0,0,0
"Cyndi Lauper","2BTZIqw0ntH9MvilQ3ewNY","dance pop,new wave pop,permanent wave,soft rock",2319331,70,0,0,0,0,1,0,0,0,0,0,0,0,0,1,0,0,0,0,0,0,0,0,0,0
"Dagny","6Paz0vXJJ9bCPf0fEm3qzg","norwegian pop",160802,59,0,0,0,0,0,0,0,0,0,0,0,0,0,0,0,0,0,0,0,0,0,0,0,0
"Dami Im","2wSrZOe6YVo6XoKma22sdY","australian pop,australian talent show,talent show",57654,40,0,0,1,0,0,0,0,0,0,0,0,0,0,1,0,0,0,0,0,0,1,0,0,0
"Dani Sylvia","4loap7SYpi11OpsZKnynZj","uk pop",8288,37,0,0,0,0,0,0,0,0,0,0,0,0,0,0,0,0,0,0,0,0,0,0,0,1
"Daniel Powter","7xTcuBOIAAIGDOSvwYFPzk","canadian pop,neo mellow,pop rock",251529,59,0,0,0,1,0,0,0,0,0,0,0,0,0,1,0,0,0,0,0,0,0,0,0,0
"Danny Gokey","5Yu3b48Y29bZlI1cLPOZJz","ccm,christian alternative rock,christian music,idol",343033,58,1,0,0,0,0,0,0,0,0,0,0,0,0,0,0,0,0,1,0,0,0,0,0,0
"Danny L Harle","1PNvaesh1mkKZucGhBuqgD","escape room,hyperpop,proto-hyperpop",61193,45,0,0,0,0,0,0,0,0,0,0,0,0,0,1,0,0,0,0,0,0,0,0,0,0
"Daughtry","5P5FTygHyx2G57oszR3Wot","alternative metal,neo mellow,pop rock,post-grunge",2024241,64,0,0,0,0,0,0,0,0,0,0,0,0,0,1,0,0,0,1,0,0,0,0,0,0
"David Archuleta","2C9n4tQgNLhHPhSCmdsQnk","idol,lds youth,post-teen pop,viral pop",525724,54,0,0,0,0,0,0,0,0,0,0,0,0,0,1,0,0,0,0,0,0,0,0,0,0
"David Foster","0SgQK24WzZf2pXBXYqHJYF","",84408,48,0,0,0,0,0,0,0,0,0,0,0,0,0,0,0,0,0,0,0,0,0,0,0,0
"David Guetta","1Cs0zKBU1kc0i8ypK3B9ai","big room,dance pop,edm,pop,pop dance",26031090,89,0,0,0,0,1,1,0,0,0,0,0,0,0,1,1,0,0,0,0,0,0,0,0,0
"Daya","6Dd3NScHWwnW6obMFbl1BH","pop",1483733,69,0,0,0,0,0,0,0,0,0,0,0,0,0,1,0,0,0,0,0,0,0,0,0,0
"Dead or Alive","5WWSL6rElJeUk3Uc1S2RyD","hi-nrg,new romantic,new wave,new wave pop,synthpop",353131,58,0,0,0,0,0,0,0,0,0,0,0,0,0,1,0,0,0,0,0,0,0,0,0,0
"Def Leppard","6H1RjVyNruCmrBEWRbD0VZ","album rock,classic rock,glam metal,hard rock,nwobhm,rock",4403348,70,0,0,0,0,0,0,0,0,0,0,0,0,0,0,0,0,0,1,0,0,0,0,0,0
"Delta Goodrem","2g6fa86fL6oLcoDqanBbuR","australian pop,australian talent show",235793,49,0,0,1,0,0,0,0,0,0,0,0,0,0,1,0,0,0,0,0,0,0,0,0,0
"Demi Lovato","6S2OmqARrzebs0tKUEyXyp","pop,post-teen pop",24975797,78,0,0,0,0,0,0,0,0,0,0,0,0,0,1,0,0,0,0,0,0,0,0,0,0
"Destiny's Child","1Y8cdNmUJH7yBTd9yOvr5i","dance pop,girl group,pop,r&b,urban contemporary",6398863,71,0,0,0,0,1,0,0,0,0,0,0,0,0,1,0,0,0,0,0,0,0,0,0,0
"Dev","7Ip2u3e5Nv6fFb5xyIHxEE","",266494,61,0,0,0,0,0,0,0,0,0,0,0,0,0,0,0,0,0,0,0,0,0,0,0,0
"Dexys Midnight Runners","4QTVePrFu1xuGM9K0kNXkk","new romantic,new wave,new wave pop,synthpop",220457,61,0,0,0,0,0,0,0,0,0,0,0,0,0,1,0,0,0,0,0,0,0,0,0,0
"DHT","7lVtH5UmhLGyfN9iS2FFk7","",13477,38,0,0,0,0,0,0,0,0,0,0,0,0,0,0,0,0,0,0,0,0,0,0,0,0
"Diana Ross","3MdG05syQeRYPPcClLaUGl","adult standards,disco,motown,quiet storm,soft rock,soul",1593396,66,0,0,0,0,0,0,0,0,0,0,0,0,0,0,0,0,0,1,0,0,0,0,0,0
"Dimitri Vangelis & Wyman","6lB8vOoI4DRrrVxXwuV19c","pop dance,swedish tropical house,tropical house",1501548,68,0,0,0,0,0,0,0,0,1,0,0,0,0,0,1,0,0,0,0,0,0,1,1,0
"Disco Fries","7G7KvDCLdVG0Ok511Iqc9U","pop edm",29629,47,0,0,0,0,0,0,0,0,0,0,0,0,0,0,0,1,0,0,0,0,0,0,0,0
"DJ Cassidy","1xLOb1CC0N70wA28T7Q5uE","",19268,43,0,0,0,0,0,0,0,0,0,0,0,0,0,0,0,0,0,0,0,0,0,0,0,0
"DJ D-Sol","3fzRb5i8Wn7ao2KPDxEiTR","",23326,47,0,0,0,0,0,0,0,0,0,0,0,0,0,0,0,0,0,0,0,0,0,0,0,0
"DJ Khaled","0QHgL1lAIqAw0HtD7YldmP","hip hop,miami hip hop,pop rap,rap",9749953,77,0,0,0,0,0,0,0,0,0,0,0,0,0,1,0,0,0,0,0,0,0,0,0,0
"DJ Sammy","4z4m1P0iX2nRSPDBEZ8LBT","eurodance",83163,53,0,0,0,0,0,0,0,0,0,0,0,0,0,0,0,0,0,0,0,0,0,0,0,0
"DNCE","6T5tfhQCknKG4UnH90qGnz","dance pop,pop",4489111,69,0,0,0,0,1,0,0,0,0,0,0,0,0,1,0,0,0,0,0,0,0,0,0,0
"Dolly Parton","32vWCbZh0xZ4o9gkz4PsEU","classic country pop,country,country dawn",2138053,72,0,0,0,0,0,0,0,0,0,0,0,0,0,1,0,0,0,0,0,0,0,0,0,0
"Don Diablo","1l2ekx5skC4gJH8djERwh1","dutch house,edm,electro house,future house,pop dance,progressive electro house,progressive house,tropical house",1817131,67,0,0,0,0,0,1,0,0,1,0,0,0,0,1,1,0,0,0,0,0,0,1,1,0
"Donna Summer","2eogQKWWoohI3BSnoG7E2U","adult standards,disco,hi-nrg,new wave pop,soft rock",1748950,64,0,0,0,0,0,0,0,0,0,0,0,0,0,1,0,0,0,0,0,0,0,0,0,0
"Donny Osmond","5ZEAzHE2TzAwUcOj6jMIgf","bubblegum pop,movie tunes",95791,55,0,0,0,0,0,0,0,0,0,0,0,0,0,1,0,0,0,0,0,0,0,0,0,0
"dreamfone","00BCWGiYaxkXLJOp3zakyc","",6375,32,0,0,0,0,0,0,0,0,0,0,0,0,0,0,0,0,0,0,0,0,0,0,0,0
"dreamr.","3FpTHH0pkdBxBdGvbVUo6f","",6903,39,0,0,0,0,0,0,0,0,0,0,0,0,0,0,0,0,0,0,0,0,0,0,0,0
"DRYM","0kDuIuxZhlgE9XYRy6NVSq","progressive trance,trance,uplifting trance",16030,38,0,0,0,0,0,0,0,0,0,0,0,0,0,0,0,0,0,0,0,0,0,0,0,0
"Dua Lipa","6M2wZ9GZgrQXHCFfjv46we","dance pop,pop,uk pop",39884392,87,0,0,0,0,1,0,0,0,0,0,0,0,0,1,0,0,0,0,0,0,0,0,0,1
"Duran Duran","0lZoBs4Pzo7R89JM9lxwoT","album rock,classic rock,dance rock,new romantic,new wave,new wave pop,rock,soft rock,synthpop",2614308,68,0,0,0,0,0,0,0,0,0,0,0,0,0,1,0,0,0,1,0,0,0,0,0,0
"Earth Wind & Fire","4QQgXkCYTt3BlENzhyNETg","disco,funk,jazz funk,soul",3890516,73,0,0,0,0,0,0,0,0,0,0,0,0,0,0,0,0,0,0,0,0,0,0,0,0
"Ed Sheeran","6eUKZXaKkcviH0Ku9w2n3V","pop,uk pop",112197063,92,0,0,0,0,0,0,0,0,0,0,0,0,0,1,0,0,0,0,0,0,0,0,0,1
"Eddie Money","4Tw2N3wdvJPGEU7JqMxFfE","album rock,classic rock,country rock,glam metal,hard rock,mellow gold,soft rock,southern rock",811037,58,0,0,0,0,0,0,0,0,0,0,0,0,0,0,0,0,0,1,0,0,0,0,0,0
"Edward Maya","6XwwFnewNgWp81MYMK8zLq","romanian house,romanian pop",217041,64,0,0,0,0,0,0,0,0,1,0,0,0,0,0,0,0,0,0,0,0,0,0,0,0
"Ella Eyre","66TrUkUZ3RM29dqeDQRgyA","dance pop,talent show,uk dance,uk pop",830275,68,0,0,0,0,1,0,0,0,0,0,0,0,0,1,0,0,0,0,0,0,1,0,0,1
"Ella Henderson","7nDsS0l5ZAzMedVRKPP8F1","dance pop,talent show,uk pop",1554651,74,0,0,0,0,1,0,0,0,0,0,0,0,0,1,0,0,0,0,0,0,1,0,0,1
"Elle Fanning","5lBUWrTWtJewTgS394y0m9","",7711,25,0,0,0,0,0,0,0,0,0,0,0,0,0,0,0,0,0,0,0,0,0,0,0,0
"Elle Winter","7LkNpfFX2XpGAO0Amhtfhl","",12300,32,0,0,0,0,0,0,0,0,0,0,0,0,0,0,0,0,0,0,0,0,0,0,0,0
"Elley Duhe","67MNhiAICFY6Pwc2YxCO0K","alt z",427314,77,0,0,0,0,0,0,0,0,0,0,0,0,0,0,0,0,0,0,0,0,0,0,0,0
"Ellie Goulding","0X2BH1fck6amBIoJhDVmmJ","indietronica,metropopolis,pop,uk pop",11973569,82,0,0,0,0,0,0,0,0,0,0,0,1,1,1,0,0,0,0,0,0,0,0,0,1
"Elmo & Patsy","64TYMfqkpGQsUEuF5xqS2R","cartoon,children's music",29636,57,0,0,0,0,0,0,0,0,0,0,0,0,0,0,0,0,0,0,0,0,0,0,0,0
"Elton John","3PhoLpVuITZKcymswpck5b","glam rock,mellow gold,piano rock,rock",11583520,83,0,0,0,0,0,0,0,0,0,0,0,0,0,0,0,0,0,1,0,0,0,0,0,0
"Elvis Presley","43ZHCT0cAZBISjO8DG9PnE","rock-and-roll,rockabilly",8271338,78,0,0,0,0,0,0,0,0,0,0,0,0,0,0,0,0,0,1,0,0,0,0,0,0
"Emeli Sande","7sfgqEdoeBTjd8lQsPT3Cy","r&b,talent show",2262424,63,0,0,0,0,0,0,0,0,0,0,0,0,0,0,0,0,0,0,0,0,1,0,0,0
"Emma Blackery","2NqeFgy0ual6Abk5hd0xxi","uk pop",65963,32,0,0,0,0,0,0,0,0,0,0,0,0,0,0,0,0,0,0,0,0,0,0,0,1
"Enya","6uothxMWeLWIhsGeF7cyo4","celtic,middle earth,operatic pop",1953458,71,0,0,0,0,0,0,0,0,0,0,0,0,0,0,0,0,0,0,0,0,0,0,0,0
"Eric Hutchinson","39x8gyJjTHiBQklFgVJSV4","acoustic pop,neo mellow",154297,51,0,0,0,0,0,0,0,0,0,0,0,0,0,1,0,0,0,0,0,0,0,0,0,0
"Eric Prydz","5sm0jQ1mq0dusiLtDJ2b4R","edm,electro house,house,pop dance,progressive electro house,progressive house,tropical house",561132,64,0,0,0,0,0,1,0,0,1,0,0,0,0,1,1,0,0,0,0,0,0,1,1,0
"Ester Dean","0v2Y5jwtcv8LiWNTRls1KM","",53711,53,0,0,0,0,0,0,0,0,0,0,0,0,0,0,0,0,0,0,0,0,0,0,0,0
"Eurythmics","0NKDgy9j66h3DLnN8qu1bB","album rock,dance rock,new romantic,new wave,new wave pop,rock,singer-songwriter,soft rock,sophisti-pop,synthpop",1720112,68,0,0,0,0,0,0,0,0,0,0,0,0,0,1,0,0,0,1,0,0,0,0,0,0
"Eva","3Vo834c5EcKKZfy5ZvaP5I","",1329,28,0,0,0,0,0,0,0,0,0,0,0,0,0,0,0,0,0,0,0,0,0,0,0,0
"Evanescence","5nGIFgo0shDenQYSE0Sn7c","alternative metal",3851466,72,0,0,0,0,0,0,0,0,0,0,0,0,0,0,0,0,0,0,0,0,0,0,0,0
"Fairlane","3L7JnVovGbYSUmRyqhXMYO","melodic dubstep,pop edm",29023,48,0,0,0,0,0,0,0,0,0,0,0,0,0,1,0,1,0,0,0,0,0,0,0,0
"Faith Hill","25NQNriVT2YbSW80ILRWJa","contemporary country,country,country dawn,country road",1728398,63,0,0,0,0,0,0,0,0,0,0,0,0,0,0,0,0,0,0,0,0,0,0,0,0
"Fall Out Boy","4UXqAaa6dQYAk18Lv7PEgX","emo,modern rock,pop,pop punk,rock",10025629,80,0,0,0,0,0,0,0,0,0,0,0,0,0,1,0,0,0,1,0,0,0,0,0,0
"Fear of Tigers","2eMdch9qwgd4eJoU4Wgsuy","filter house,nightrun,synthwave",7703,30,0,0,0,0,0,0,0,0,1,0,0,0,0,0,0,0,0,0,0,0,0,0,0,0
"Feenixpawl","5FvlJcXnFIm72pgQtW3Dct","australian dance,pop edm,progressive electro house,sky room",25436,50,0,0,0,0,0,1,0,0,1,0,0,0,0,1,0,1,0,0,0,0,0,0,0,0
"Felicia Barton","7BtsooSogDGtA54zLBjk3N","movie tunes",6873,39,0,0,0,0,0,0,0,0,0,0,0,0,0,0,0,0,0,0,0,0,0,0,0,0
"Fergie","3r17AfJCCUqC9Lf0OAc73G","dance pop,pop",5454008,69,0,0,0,0,1,0,0,0,0,0,0,0,0,1,0,0,0,0,0,0,0,0,0,0
"Fickle Friends","1nhSLEYdoBHG6cJ8NDwoF1","gauze pop,indie poptimism,metropopolis",134490,42,0,0,0,0,0,0,0,0,0,1,1,0,1,1,0,0,0,0,0,0,0,0,0,0
"Fifth Harmony","1l8Fu6IkuTP0U5QetQJ5Xt","girl group,pop,talent show",15708185,69,0,0,0,0,0,0,0,0,0,0,0,0,0,1,0,0,0,0,0,0,1,0,0,0
"Five for Fighting","7FgMLbnZVrEnir95O0YujA","neo mellow,piano rock,pop rock",817198,58,0,0,0,0,0,0,0,0,0,0,0,0,0,1,0,0,0,1,0,0,0,0,0,0
"Fleur East","37mtx80nMDETlbsq2eFCzc","talent show,uk pop",208615,44,0,0,0,0,0,0,0,0,0,0,0,0,0,0,0,0,0,0,0,0,1,0,0,1
"Flo Rida","0jnsk9HBra6NMjO2oANoPY","dance pop,miami hip hop,pop,pop rap",8857024,79,0,0,0,0,1,0,0,0,0,0,0,0,0,1,0,0,0,0,0,0,0,0,0,0
"Flor","3b8QkneNDz4JHKKKlLgYZg","contemporary country,country,country pop,country road,modern country rock",5251222,75,0,0,0,0,0,0,0,0,0,0,0,0,0,1,0,0,0,0,0,0,0,0,0,0
"Florence + the Machine","1moxjboGR7GNWYIMWsRjgG","baroque pop,modern rock,neo mellow,uk alternative pop",6376098,77,0,0,0,0,0,0,0,0,0,0,0,0,0,1,0,0,0,1,0,0,0,0,0,0
"Florrie","2fkmfYw1KeOiDLA6MHDwU8","electropop,uk pop",82254,32,0,0,0,0,0,0,1,0,0,0,0,0,0,1,0,0,0,0,0,0,0,0,0,1
"Flume","6nxWCVXbOlEVRexSbLsTer","australian dance,australian electropop,australian indie,downtempo,edm,indietronica",2388128,72,0,0,0,0,0,1,1,0,0,0,0,1,0,1,0,0,0,0,0,0,0,0,0,0
"Fly By Midnight","4rQTEdG6hDVOlDUFKs9EjZ","",177894,62,0,0,0,0,0,0,0,0,0,0,0,0,0,0,0,0,0,0,0,0,0,0,0,0
"FM-84","1xvEo98zythSrgN69GQevk","popwave,synthwave",129802,45,0,0,0,0,0,0,0,0,0,0,0,0,0,0,0,0,0,0,0,0,0,0,0,0
"Foxes","7qRll6DYV06u2VuRPAVqug","electropop,metropopolis,uk pop",307641,60,0,0,0,0,0,0,1,0,0,0,0,0,1,1,0,0,0,0,0,0,0,0,0,1
"Francesca Battistelli","29ywwKkxfoH7iWwNY1UezA","ccm,christian alternative rock,christian music,worship",557011,54,1,0,0,0,0,0,0,0,0,0,0,0,0,0,0,0,0,1,0,0,0,0,0,0
"Frank Sinatra","1Mxqyy3pSjf8kZZL4QVxS0","adult standards,easy listening,lounge",6304287,76,0,0,0,0,0,0,0,0,0,0,0,0,0,0,0,0,0,0,0,0,0,0,0,0
"fun.","5nCi3BB41mBaMH9gfr6Su0","baroque pop,metropopolis",3515653,67,0,0,0,0,0,0,0,0,0,0,0,0,1,1,0,0,0,0,0,0,0,0,0,0
"G.R.L.","3Yl4nkmEa8BSuGWbwhdLDq","girl group,post-teen pop,talent show",399468,55,0,0,0,0,0,0,0,0,0,0,0,0,0,1,0,0,0,0,0,0,1,0,0,0
"Galantis","4sTQVOfp9vEMCemLw50sbu","dance pop,edm,pop,pop dance,tropical house",3358802,73,0,0,0,0,1,1,0,0,0,0,0,0,0,1,1,0,0,0,0,0,0,1,1,0
"Gareth Emery","0hprEC0nsWuQPSHag1O2Vi","edm,pop dance,progressive electro house,progressive house,trance",301008,57,0,0,0,0,0,1,0,0,1,0,0,0,0,1,1,0,0,0,0,0,0,0,0,0
"GATTUSO","3PlRvQnVE3XAbtHUNc4nic","pop edm",36721,52,0,0,0,0,0,0,0,0,0,0,0,0,0,0,0,1,0,0,0,0,0,0,0,0
"Gayla Peevey","1suIIDedjFJRuu8k7b55hZ","novelty",4155,28,0,0,0,0,0,0,0,0,0,0,0,0,0,0,0,0,0,0,0,0,0,0,0,0
"GAYLE","2VSHKHBTiXWplO8lxcnUC9","modern alternative pop",575651,68,0,0,0,0,0,0,0,0,0,0,0,0,0,0,0,0,0,0,0,0,0,0,0,0
"Gene Autry","5ixB75BQR3ADoWQkcHQJTs","classic oklahoma country,cowboy western,traditional country,yodeling",60722,39,0,0,0,0,0,0,0,0,0,0,0,0,0,0,0,0,0,0,0,0,0,0,0,0
"Generation X","1inWec2E2UgfzMAhwjgTXe","glam punk,punk",112877,47,0,0,0,0,0,0,0,0,0,0,0,0,0,0,0,0,0,0,0,0,0,0,0,0
"Genesis","3CkvROUTQ6nRi9yQOcsB50","album rock,art rock,classic rock,hard rock,mellow gold,progressive rock,rock,soft rock,symphonic rock",3014501,68,0,0,0,0,0,0,0,0,0,0,0,0,0,0,0,0,0,1,0,0,0,0,0,0
"George Michael","7nwUJBm0HE4ZxD3f5cy5ok","classic soul,jazz blues,memphis soul,soul,southern soul,vocal jazz",3138052,71,0,0,0,0,0,0,0,0,0,0,0,0,0,0,0,0,0,0,0,0,0,0,0,0
"Giorgio Moroder","6jU2Tt13MmXYk0ZBv1KmfO","disco",224135,52,0,0,0,0,0,0,0,0,0,0,0,0,0,0,0,0,0,0,0,0,0,0,0,0
"Gladys Knight & The Pips","0TF2NxkJZPQoX1H53rEFM1","classic soul,disco,funk,motown,quiet storm,soul",1173586,59,0,0,0,0,0,0,0,0,0,0,0,0,0,0,0,0,0,0,0,0,0,0,0,0
"Gloria Gaynor","6V6WCgi7waF55bJmylC4H5","disco,soft rock",916663,64,0,0,0,0,0,0,0,0,0,0,0,0,0,0,0,0,0,0,0,0,0,0,0,0
"Great Good Fine OK","422RLznpwUa5FsQgnTlgUH","hopebeat,indie poptimism,metropopolis,neo-synthpop,nyc pop",125854,48,0,0,0,0,0,0,0,1,0,1,1,0,1,1,0,0,0,0,0,0,0,0,0,0
"Green Day","7oPftvlwr6VrsViSDV7fJY","modern rock,permanent wave,punk,rock",14035202,79,0,0,0,0,0,0,0,0,0,0,0,0,0,0,0,0,0,1,0,0,0,0,0,0
"Gryffin","2ZRQcIgzPCVaT9XKhXZIzh","edm,pop dance,tropical house",924794,70,0,0,0,0,0,1,0,0,0,0,0,0,0,1,1,0,0,0,0,0,0,1,1,0
"GSPR","1899F4ojFEHeMOWyXhnPje","pop edm",3669,34,0,0,0,0,0,0,0,0,0,0,0,0,0,0,0,1,0,0,0,0,0,0,0,0
"Gwen Stefani","4yiQZ8tQPux8cPriYMWUFP","dance pop,pop",6009233,72,0,0,0,0,1,0,0,0,0,0,0,0,0,1,0,0,0,0,0,0,0,0,0,0
"Hailee Steinfeld","5p7f24Rk5HkUZsaS3BLG5F","pop",8640797,72,0,0,0,0,0,0,0,0,0,0,0,0,0,1,0,0,0,0,0,0,0,0,0,0
"Haley Reinhart","5cKlE8f6b26h61Ml7m052Q","idol",311215,62,0,0,0,0,0,0,0,0,0,0,0,0,0,0,0,0,0,0,0,0,0,0,0,0
"hallman","6lQbKezHkug0aJSkAjYYO5","beach house,swedish tropical house",21583,48,0,0,0,0,0,0,0,0,1,0,0,0,0,0,0,0,0,0,0,0,0,0,0,0
"Hanna Ferm","2xQUbkvQFCU8DpdBFbMfLq","swedish idol pop,swedish pop",40304,53,0,0,0,0,0,0,0,0,0,0,0,0,0,1,0,0,0,0,1,1,0,0,0,0
"Hannah Montana","7nU4hB040gTmHm45YYMvqc","pop,post-teen pop",4443527,64,0,0,0,0,0,0,0,0,0,0,0,0,0,1,0,0,0,0,0,0,0,0,0,0
"Hardwell","6BrvowZBreEkXzJQMpL174","big room,dutch house,edm,electro house,pop dance,progressive electro house,progressive house",3699208,68,0,0,0,0,0,1,0,0,1,0,0,0,0,1,1,0,0,0,0,0,0,0,0,0
"Havana Brown","1EVWYRr2obCRDoSoD6KSuM","australian dance,australian pop",195435,45,0,0,1,0,0,0,0,0,0,0,0,0,0,0,0,0,0,0,0,0,0,0,0,0
"Hawk Nelson","4hj6ZZxaiKvG5GU3PYf7Gh","canadian ccm,ccm,christian alternative rock,christian music,christian punk",209257,49,1,0,0,0,0,0,0,0,0,0,0,0,0,0,0,0,0,1,0,0,0,0,0,0
"Hayley Kiyoko","3LjhVl7GzYsza1biQjTpaN","alt z,indie poptimism,pop",1644088,60,0,0,0,0,0,0,0,0,0,1,1,0,0,1,0,0,0,0,0,0,0,0,0,0
"Heart","34jw2BbxjoYalTp8cJFCPv","album rock,classic rock,glam metal,hard rock,heartland rock,mellow gold,new wave pop,rock,singer-songwriter,soft rock",2287509,69,0,0,0,0,0,0,0,0,0,0,0,0,0,1,0,0,0,1,0,0,0,0,0,0
"Heart Of Gold","4hqo1pdNrZHfPmSmTtMvUZ","hopebeat,modern alternative pop",5846,33,0,0,0,0,0,0,0,1,0,0,0,0,0,0,0,0,0,0,0,0,0,0,0,0
"Hilary Duff","2S9W9aSAd7e5mp8WqWxN2h","dance pop,pop,post-teen pop",2274519,56,0,0,0,0,1,0,0,0,0,0,0,0,0,1,0,0,0,0,0,0,0,0,0,0
"Hillsong United","74cb3MG0x0BOnYNW1uXYnM","ccm,christian music,world worship,worship",3733887,70,0,0,0,0,0,0,0,0,0,0,0,0,0,0,0,0,0,0,0,0,0,0,0,0
"Hillsong Worship","3SgHzT552wy2W8pNLaLk24","ccm,christian music,world worship,worship",4869499,73,0,0,0,0,0,0,0,0,0,0,0,0,0,0,0,0,0,0,0,0,0,0,0,0
"Hotel Apache","2zKbqRqx22axcZA2mUw71Y","hopebeat",21838,35,0,0,0,0,0,0,0,1,0,0,0,0,0,0,0,0,0,0,0,0,0,0,0,0
"Howie Day","0ekbDNE2eOq8QiaXM34wer","acoustic pop,neo mellow,pop rock",323338,54,0,0,0,0,0,0,0,0,0,0,0,0,0,1,0,0,0,0,0,0,0,0,0,0
"HRVY","28y6CyJNkGNjJQKrlx4AmN","pop",1662661,64,0,0,0,0,0,0,0,0,0,0,0,0,0,1,0,0,0,0,0,0,0,0,0,0
"Huey Lewis & The News","7A9yZMTrFZcgEWAX2kBfK6","album rock,classic rock,hard rock,mellow gold,new romantic,new wave pop,rock,singer-songwriter,soft rock",1451211,64,0,0,0,0,0,0,0,0,0,0,0,0,0,1,0,0,0,1,0,0,0,0,0,0
"Hyper Potions","1KkjjsBwGqU2YjS9OIucZV","kawaii future bass,speedrun,vgm remix",123049,47,0,0,0,0,0,0,0,0,0,0,0,0,0,0,0,0,0,0,0,0,0,0,0,0
"Idina Menzel","73Np75Wv2tju61Eo9Zw4IR","broadway,hollywood,movie tunes,show tunes",420767,69,0,0,0,0,0,0,0,0,0,0,0,0,0,0,0,0,0,0,0,0,0,0,0,0
"Iggy Azalea","5yG7ZAZafVaAlMTeBybKAL","australian hip hop,dance pop,pop",6365233,69,0,0,0,0,1,0,0,0,0,0,0,0,0,1,0,0,0,0,0,0,0,0,0,0
"Illenium","45eNHdiiabvmbp4erw26rg","edm,melodic dubstep,pop dance",1393947,75,0,0,0,0,0,1,0,0,0,0,0,0,0,1,1,0,0,0,0,0,0,0,0,0
"Imagine Dragons","53XhwfbYqKCa1cC15pYq2q","modern rock,pop,rock",47882367,88,0,0,0,0,0,0,0,0,0,0,0,0,0,1,0,0,0,1,0,0,0,0,0,0
"Ingrid Michaelson","2vm8GdHyrJh2O2MfbQFYG0","acoustic pop,ectofolk,lilith,neo mellow",796624,58,0,0,0,0,0,0,0,0,0,0,0,0,0,1,0,0,0,0,0,0,0,0,0,0
"Inna","2w9zwq3AktTeYYMuhMjju8","dance pop,romanian house,romanian pop",1233487,69,0,0,0,0,1,0,0,0,1,0,0,0,0,1,0,0,0,0,0,0,0,0,0,0
"Irene Cara","3oZa8Xs6IjlIUGLAhVyK4G","disco,new romantic,new wave pop,soft rock,synthpop",376806,64,0,0,0,0,0,0,0,0,0,0,0,0,0,1,0,0,0,1,0,0,0,0,0,0
"James Arthur","4IWBUUAFIplrNtaOHcJPRM","pop,talent show,uk pop",11822441,81,0,0,0,0,0,0,0,0,0,0,0,0,0,1,0,0,0,0,0,0,1,0,0,1
"James Blunt","7KMqksf0UMdyA0UCf4R3ux","neo mellow",2795661,71,0,0,0,0,0,0,0,0,0,0,0,0,0,0,0,0,0,0,0,0,0,0,0,0
"James Newton Howard","2M4eNCvV3CJUswavkhAQg2","orchestral soundtrack,soundtrack",311880,62,0,0,0,0,0,0,0,0,0,0,0,0,0,0,0,0,0,0,0,0,0,0,0,0
"Jason Aldean","3FfvYsEGaIb52QPXhg4DcH","contemporary country,country,country road,modern country rock",6053981,75,0,0,0,0,0,0,0,0,0,0,0,0,0,0,0,0,0,0,0,0,0,0,0,0
"Jason Weaver","1W90Na0WyqYkbQkKiBvrPV","show tunes",470,33,0,0,0,0,0,0,0,0,0,0,0,0,0,0,0,0,0,0,0,0,0,0,0,0
"Jay Cosmic","0p7L2MImTqtWEAlMN9qHYx","sky room",13104,36,0,0,0,0,0,0,0,0,0,0,0,0,0,0,0,0,0,0,0,0,0,0,0,0
"Jennifer Lopez","2DlGxzQSjYe5N6G9nkYghR","dance pop,pop,urban contemporary",12355179,75,0,0,0,0,1,0,0,0,0,0,0,0,0,1,0,0,0,0,0,0,0,0,0,0
"Jermaine Stewart","7FAkzV0YOw0EIXFhmY4RE3","",22190,46,0,0,0,0,0,0,0,0,0,0,0,0,0,0,0,0,0,0,0,0,0,0,0,0
"Jess Glynne","4ScCswdRlyA23odg9thgIO","pop,uk pop",2964573,72,0,0,0,0,0,0,0,0,0,0,0,0,0,1,0,0,0,0,0,0,0,0,0,1
"Jessica Mauboy","6rHWAH6F4mr2AViSxMV673","australian indigenous,australian pop,australian talent show",266377,50,0,0,1,0,0,0,0,0,0,0,0,0,0,1,0,0,0,0,0,0,0,0,0,0
"Jessica Sanchez","3xBbmWwDPhEaGcwWgBarkI","dance pop,idol",34956,37,0,0,0,0,1,0,0,0,0,0,0,0,0,1,0,0,0,0,0,0,0,0,0,0
"Jessica Simpson","2tFN9ubMXEhdAQvdQxcsma","dance pop,post-teen pop",1223187,49,0,0,0,0,1,0,0,0,0,0,0,0,0,1,0,0,0,0,0,0,0,0,0,0
"Jessie J","2gsggkzM5R49q6jpPvazou","dance pop,pop",11214080,71,0,0,0,0,1,0,0,0,0,0,0,0,0,1,0,0,0,0,0,0,0,0,0,0
"Jesus Culture","0Onvkz1Nbs4wHXXUwOIGk8","ccm,christian music,world worship,worship",1277044,58,0,0,0,0,0,0,0,0,0,0,0,0,0,0,0,0,0,0,0,0,0,0,0,0
"Jim Yosef","40HDiLfKm0tXk2FxlJx6aO","gaming edm",136877,54,0,0,0,0,0,0,0,0,0,0,0,0,0,0,0,0,0,0,0,0,0,0,0,0
"Jimmy Buffett","28AyklUmMECPwdfo8NEsV0","",780334,68,0,0,0,0,0,0,0,0,0,0,0,0,0,0,0,0,0,0,0,0,0,0,0,0
"Jimmy Durante","5FNHfTn3yzVpqdUyWwej0v","adult standards,lounge",104008,41,0,0,0,0,0,0,0,0,0,0,0,0,0,0,0,0,0,0,0,0,0,0,0,0
"Jimmy Eat World","3Ayl7mCk0nScecqOzvNp6s","alternative metal,alternative rock,emo,modern power pop,modern rock,neon pop punk,pop punk,pop rock,post-grunge,punk,rock",1413297,68,1,0,0,0,0,0,0,0,0,0,0,0,0,1,0,0,0,1,0,0,0,0,0,0
"Joan","3HXLY1sNXIxHfulrjPiRf5","hopebeat,indietronica,little rock indie",175769,52,0,0,0,0,0,0,0,1,0,0,0,1,0,0,0,0,0,0,0,0,0,0,0,0
"Joan Jett","1Fmb52lZ6Jv7FMWXXTPO3K","glam punk,rock",690636,64,0,0,0,0,0,0,0,0,0,0,0,0,0,0,0,0,0,1,0,0,0,0,0,0
"Joan Osborne","0djV4iaxhNfYWpH60ia85o","ectofolk,lilith,new wave pop,pop rock,singer-songwriter",183820,54,0,0,0,0,0,0,0,0,0,0,0,0,0,1,0,0,0,1,0,0,0,0,0,0
"Jodi Benson","4mmMtabvFCKA6HfmVmitNH","movie tunes",37235,55,0,0,0,0,0,0,0,0,0,0,0,0,0,0,0,0,0,0,0,0,0,0,0,0
"Joel Corry","6DgP9otnZw5z6daOntINxp","dance pop,pop dance,tropical house,uk dance",347156,75,0,0,0,0,1,0,0,0,1,0,0,0,0,1,1,0,0,0,0,0,0,1,1,0
"Joel Hirsch","2W4DPKqP9mPclu4MpCjf3h","",1984,30,0,0,0,0,0,0,0,0,0,0,0,0,0,0,0,0,0,0,0,0,0,0,0,0
"John De Sohn","3TVjdmhfFoYJLgBEkkZTBm","pop dance,swedish tropical house",108547,61,0,0,0,0,0,0,0,0,0,0,0,0,0,0,1,0,0,0,0,0,0,0,0,0
"John Denver","7EK1bQADBoqbYXnT4Cqv9w","classic country pop,folk,folk rock,mellow gold,singer-songwriter,soft rock",1859355,68,0,0,0,0,0,0,0,0,0,0,0,0,0,1,0,0,0,1,0,0,0,0,0,0
"John Lennon","4x1nvY2FN8jxqAFA0DA02H","beatlesque,classic rock,rock",5454702,69,0,0,0,0,0,0,0,0,0,0,0,0,0,0,0,0,0,1,0,0,0,0,0,0
"John Martin","2auikkNYqigWStoHWK1Grq","pop edm",43566,67,0,0,0,0,0,0,0,0,0,0,0,0,0,0,0,1,0,0,0,0,0,0,0,0
"John Mellencamp","3lPQ2Fk5JOwGWAF3ORFCqH","album rock,classic rock,country rock,folk rock,hard rock,heartland rock,mellow gold,rock,singer-songwriter,soft rock",1538294,66,0,0,0,0,0,0,0,0,0,0,0,0,0,0,0,0,0,1,0,0,0,0,0,0
"John Parr","3Z1tibPKhUYWCno0IYicCN","new wave pop",90349,50,0,0,0,0,0,0,0,0,0,0,0,0,0,0,0,0,0,0,0,0,0,0,0,0
"Johnny Mathis","21LGsW7bziR4Ledx7WZ1Wf","adult standards,easy listening",377719,52,0,0,0,0,0,0,0,0,0,0,0,0,0,0,0,0,0,0,0,0,0,0,0,0
"JoJo","5xuNBZoM7z1Vv8IQ6uM0p6","dance pop,pop,post-teen pop",2307894,62,0,0,0,0,1,0,0,0,0,0,0,0,0,1,0,0,0,0,0,0,0,0,0,0
"Jonas Brothers","7gOdHgIoIKoe4i9Tta6qdD","boy band,pop",6980553,78,0,0,0,0,0,0,0,0,0,0,0,0,0,1,0,0,0,0,0,0,0,0,0,0
"Jordin Sparks","2AQjGvtT0pFYfxR3neFcvz","dance pop,pop,post-teen pop",2318377,63,0,0,0,0,1,0,0,0,0,0,0,0,0,1,0,0,0,0,0,0,0,0,0,0
"Jordy","0p9SPN0Vhv6aDRZCz4W13E","alt z,gen z singer-songwriter",121440,52,0,0,0,0,0,0,0,0,0,0,0,0,0,0,0,0,0,0,0,0,0,0,0,0
"Jose Feliciano","7K78lVZ8XzkjfRSI7570FF","latin pop,puerto rican pop",342595,61,0,0,0,0,0,0,0,0,0,0,0,0,0,1,0,0,0,0,0,0,0,0,0,0
"Joseph Williams","5xk0kRuXn1zToTHpHAqpui","movie tunes",14898,56,0,0,0,0,0,0,0,0,0,0,0,0,0,0,0,0,0,0,0,0,0,0,0,0
"Josh Groban","6cXMpsP9x0SH4kFfMyVezF","operatic pop",869736,58,0,0,0,0,0,0,0,0,0,0,0,0,0,0,0,0,0,0,0,0,0,0,0,0
"Journey","0rvjqX7ttXeg3mTy8Xscbt","album rock,classic rock,hard rock,heartland rock,mellow gold,rock,soft rock",4984254,74,0,0,0,0,0,0,0,0,0,0,0,0,0,0,0,0,0,1,0,0,0,0,0,0
"Judah & the Lion","00FQb4jTyendYWaN8pK0wa","art pop,pop",23887298,90,0,1,0,0,0,0,0,0,0,0,0,0,0,1,0,0,0,0,0,0,0,0,0,0
"Judy Collins","5yzE49FicYiSxN61oaxkNn","american folk revival,folk,folk rock,mellow gold,singer-songwriter",234067,46,0,0,0,0,0,0,0,0,0,0,0,0,0,0,0,0,0,1,0,0,0,0,0,0
"Judy Kuhn","7tHd518aPjJYUgyv9bidBz","movie tunes",29281,53,0,0,0,0,0,0,0,0,0,0,0,0,0,0,0,0,0,0,0,0,0,0,0,0
"Julie Bergan","2Tg0aF5cbZktYFzgR1iAKv","norwegian pop",158778,57,0,0,0,0,0,0,0,0,0,0,0,0,0,0,0,0,0,0,0,0,0,0,0,0
"Junior Doctor","6B4CA2EzAtLlTBKvpsZ4gO","alternative pop rock,neon pop punk",7152,33,0,0,0,0,0,0,0,0,0,0,0,0,0,0,0,0,0,1,0,0,0,0,0,0
"Justin Jesso","1QDrz3DMMaz3TB1cm0PGDu","",51830,55,0,0,0,0,0,0,0,0,0,0,0,0,0,0,0,0,0,0,0,0,0,0,0,0
"Justin Timberlake","31TPClRtHm23RisEBtV3X7","dance pop,pop",12916227,80,0,0,0,0,1,0,0,0,0,0,0,0,0,1,0,0,0,0,0,0,0,0,0,0
"Kaarija","6LkMGN0t3HDNL8hIvma70r","",95266,71,0,0,0,0,0,0,0,0,0,0,0,0,0,0,0,0,0,0,0,0,0,0,0,0
"Kaci Battaglia","7HCPm8AkZIqGjQdAJR2ltC","deep dance pop",37405,28,0,0,0,0,0,0,0,0,0,0,0,0,0,0,0,0,0,0,0,0,0,0,0,0
"Kanye West","5K4W6rqBFWDnAN6FQUkS6x","chicago rap,hip hop,rap",20128599,90,0,0,0,0,0,0,0,0,0,0,0,0,0,0,0,0,0,0,0,0,0,0,0,0
"Kari Jobe","5XlSS9O4eHRiJ0hKzbaFQ2","ccm,christian alternative rock,christian music,worship",1125336,60,1,0,0,0,0,0,0,0,0,0,0,0,0,0,0,0,0,1,0,0,0,0,0,0
"Karmin","4M0DLz8te9Q1lNIXBBwvfG","post-teen pop,viral pop",557161,50,0,0,0,0,0,0,0,0,0,0,0,0,0,1,0,0,0,0,0,0,0,0,0,0
"Katrina & The Waves","2TzHIUhVpeeDxyJPpQfnV3","new wave pop",81670,63,0,0,0,0,0,0,0,0,0,0,0,0,0,0,0,0,0,0,0,0,0,0,0,0
"Katy Perry","6jJ0s89eD6GaHleKKya26X","pop",27085397,84,0,0,0,0,0,0,0,0,0,0,0,0,0,1,0,0,0,0,0,0,0,0,0,0
"KC & The Sunshine Band","3mQBpAOMWYqAZyxtyeo4Lo","disco,mellow gold,new wave pop,soft rock,soul",897877,64,0,0,0,0,0,0,0,0,0,0,0,0,0,1,0,0,0,1,0,0,0,0,0,0
"Keith Urban","0u2FHSq3ln94y5Q57xazwf","australian country,australian pop,contemporary country,country,country road",5124343,71,0,0,1,0,0,0,0,0,0,0,0,0,0,1,0,0,0,0,0,0,0,0,0,0
"Kelly Clarkson","3BmGtnKgCSGYIUhmivXKWX","dance pop,pop,talent show",9775463,74,0,0,0,0,1,0,0,0,0,0,0,0,0,1,0,0,0,0,0,0,1,0,0,0
"Kenny G","6I3M904Y9IwgDjrQ9pANiB","smooth jazz,smooth saxophone",975334,62,0,0,0,0,0,0,0,0,0,0,0,0,0,0,0,0,0,0,0,0,0,0,0,0
"Kenny Loggins","3Y3xIwWyq5wnNHPp5gPjOW","album rock,classic rock,heartland rock,mellow gold,new wave pop,singer-songwriter,soft rock,yacht rock",966782,68,0,0,0,0,0,0,0,0,0,0,0,0,0,1,0,0,0,1,0,0,0,0,0,0
"Kesha","6LqNN22kT3074XbTVUrhzX","dance pop,pop",7568467,77,0,0,0,0,1,0,0,0,0,0,0,0,0,1,0,0,0,0,0,0,0,0,0,0
"Kiesza","4zxvC7CRGvggq9EWXOpwAo","electropop,pop edm",291851,55,0,0,0,0,0,0,1,0,0,0,0,0,0,1,0,1,0,0,0,0,0,0,0,0
"Kiiara","4u5smJBskI6Adzv08PuiUP","alt z,electropop",905408,60,0,0,0,0,0,0,1,0,0,0,0,0,0,0,0,0,0,0,0,0,0,0,0,0
"Kim Petras","3Xt3RrJMFv5SZkCfUE8C1J","alt z,pop,transpop",921660,78,0,0,0,0,0,0,0,0,0,0,0,0,0,1,0,0,0,0,0,0,0,0,0,0
"Kim Wilde","73a6pNH4YtLNgDbPQwXveo","new romantic,new wave,new wave pop",592343,58,0,0,0,0,0,0,0,0,0,0,0,0,0,0,0,0,0,0,0,0,0,0,0,0
"Kool & The Gang","4LLpKhyESsyAXpc4laK94U","hip hop,pittsburgh rap,rap",9000328,84,0,0,0,0,0,0,0,0,0,0,0,0,0,0,0,0,0,0,0,0,0,0,0,0
"Krewella","0Cd6nHYwecCNM1sVEXKlYr","edm,electra,electro house,pop dance",929960,56,0,0,0,0,0,1,0,0,1,0,0,0,0,1,1,0,0,0,0,0,0,0,0,0
"Kristen Anderson-Lopez","3CneYb5exy4KOtvCCrozDD","movie tunes",12692,48,0,0,0,0,0,0,0,0,0,0,0,0,0,0,0,0,0,0,0,0,0,0,0,0
"Kristene DiMarco","26T4yOaOoFJvUvxR87Y9HO","ambient worship,ccm,deep ccm,world worship,worship",1562423,70,0,0,0,0,0,0,0,0,0,0,0,0,0,0,0,0,0,0,0,0,0,0,0,0
"Kristin Chenoweth","7daPb40K64rRtF36wd3ZOk","broadway,show tunes",11552,57,0,0,0,0,0,0,0,0,0,0,0,0,0,0,0,0,0,0,0,0,0,0,0,0
"Kygo","23fqKkggKUBHNkbKtXEls4","edm,pop,pop dance,tropical house",8359403,80,0,0,0,0,0,1,0,0,0,0,0,0,0,1,1,0,0,0,0,0,0,1,1,0
"Kylie Minogue","4RVnAU35WRWra6OZ3CbbMA","australian dance,australian pop,dance pop,eurodance,new wave pop",1682055,70,0,0,1,0,1,0,0,0,0,0,0,0,0,1,0,0,0,0,0,0,0,0,0,0
"La Roux","3K2zB87GZv1krx031en5VA","alternative dance,electropop,neo-synthpop",640836,63,0,0,0,0,0,0,1,0,0,0,0,0,0,1,0,0,0,0,0,0,0,0,0,0
"Labrinth","2feDdbD5araYcm6JhFHHw7","indie poptimism,pop",2892062,82,0,0,0,0,0,0,0,0,0,0,1,0,0,1,0,0,0,0,0,0,0,0,0,0
"Lady Gaga","1HY2Jd0NmPuamShAr6KMms","art pop,dance pop,pop",26519126,85,0,1,0,0,1,0,0,0,0,0,0,0,0,1,0,0,0,0,0,0,0,0,0,0
"Laidback Luke","53cQZtWDwDJwVCNZlfJ6Qk","big room,dutch edm,dutch house,edm,electro house,house,pop dance,progressive electro house,progressive house",393219,59,0,0,0,0,0,1,0,0,1,0,0,0,0,1,1,0,0,0,0,0,0,0,0,0
"Lana Del Rey","00FQb4jTyendYWaN8pK0wa","art pop,pop",23887298,90,0,1,0,0,0,0,0,0,0,0,0,0,0,1,0,0,0,0,0,0,0,0,0,0
"Laura Branigan","4463nfFMmK1cwAWBQDwT5e","new romantic,new wave pop,soft rock,synthpop",635485,61,0,0,0,0,0,0,0,0,0,0,0,0,0,1,0,0,0,1,0,0,0,0,0,0
"Lauren Daigle","40LHVA5BTQp9RxHOQ9JPYj","ccm,christian alternative rock,christian music",2405622,70,1,0,0,0,0,0,0,0,0,0,0,0,0,0,0,0,0,1,0,0,0,0,0,0
"Lauv","5JZ7CnR6gTvEMKX4g70Amv","pop",5742699,76,0,0,0,0,0,0,0,0,0,0,0,0,0,1,0,0,0,0,0,0,0,0,0,0
"Lea Salonga","1GlMjIezcLwV3OFlX0uXOv","movie tunes,tagalog worship",172021,59,0,0,0,0,0,0,0,0,0,0,0,0,0,0,0,0,0,0,0,0,0,0,0,0
"Leadley","4rm1Xr4IKrLxOOoG4Zt4EL","uk pop",13012,30,0,0,0,0,0,0,0,0,0,0,0,0,0,0,0,0,0,0,0,0,0,0,0,1
"Lee Ann Womack","738OS3zrCO782uDiUN9pet","contemporary country,country,country dawn,country road",707445,57,0,0,0,0,0,0,0,0,0,0,0,0,0,0,0,0,0,0,0,0,0,0,0,0
"Lee Greenwood","3g229vTyhsdwm9SO2p1FPL","classic country pop",51943,42,0,0,0,0,0,0,0,0,0,0,0,0,0,0,0,0,0,0,0,0,0,0,0,0
"Leona Lewis","5lKZWd6HiSCLfnDGrq9RAm","british soul,dance pop,pop,talent show",3505849,65,0,0,0,0,1,0,0,0,0,0,0,0,0,1,0,0,0,0,0,0,1,0,0,0
"Leroy Anderson","5YhX2onn51M81v4dSZajlX","american modern classical,easy listening,space age pop",10511,40,0,0,0,0,0,0,0,0,0,0,0,0,0,0,0,0,0,0,0,0,0,0,0,0
"Lewis Capaldi","4GNC7GD6oZMSxPGyXy4MNB","pop,uk pop",11074382,83,0,0,0,0,0,0,0,0,0,0,0,0,0,1,0,0,0,0,0,0,0,0,0,1
"Lewis Thompson","26OmQHradZrF0CS7DrgWDH","",3194,59,0,0,0,0,0,0,0,0,0,0,0,0,0,0,0,0,0,0,0,0,0,0,0,0
"Lights","5pdyjBIaY5o1yOyexGIUc6","canadian folk,canadian pop,electropop",298768,57,0,0,0,1,0,0,1,0,0,0,0,0,0,1,0,0,0,0,0,0,0,0,0,0
"Lily Allen","13saZpZnCDWOI9D4IJhp1f","dance pop,electropop",1986258,67,0,0,0,0,1,0,1,0,0,0,0,0,0,1,0,0,0,0,0,0,0,0,0,0
"Lindana","3zJoIfQDXEUCsyoV0bTj8G","",1242,24,0,0,0,0,0,0,0,0,0,0,0,0,0,0,0,0,0,0,0,0,0,0,0,0
"Lionel Richie","3gMaNLQm7D9MornNILzdSl","soft rock",3106800,71,0,0,0,0,0,0,0,0,0,0,0,0,0,0,0,0,0,0,0,0,0,0,0,0
"Little Mix","3e7awlrlDSwF3iM0WBjGMp","girl group,pop,talent show,uk pop",11401029,75,0,0,0,0,0,0,0,0,0,0,0,0,0,1,0,0,0,0,0,0,1,0,0,1
"Little Nell","213WFYdlgojElnXhDyhwke","novelty",2268,42,0,0,0,0,0,0,0,0,0,0,0,0,0,0,0,0,0,0,0,0,0,0,0,0
"Lizzo","56oDRnqbIiwx4mymNEv7dS","escape room,minnesota hip hop,pop,trap queen",5569482,77,0,0,0,0,0,0,0,0,0,0,0,0,0,1,0,0,0,0,0,0,0,0,0,0
"LMFAO","3sgFRtyBnxXD5ESfmbK4dl","dance pop,pop,pop rap",4210190,67,0,0,0,0,1,0,0,0,0,0,0,0,0,1,0,0,0,0,0,0,0,0,0,0
"Loote","00TKPo9MxwZ0j4ooveIxWZ","alt z,nyc pop",211191,58,0,0,0,0,0,0,0,0,0,0,0,0,0,0,0,0,0,0,0,0,0,0,0,0
"Lope & Kantola","2gy6mlx7uNGaZSsohHQhKX","finnish edm",923,11,0,0,0,0,0,0,0,0,0,0,0,0,0,0,0,0,0,0,0,0,0,0,0,0
"Lord Huron","6ltzsmQQbmdoHHbLZ4ZN25","indie folk,modern rock,stomp and holler",1234981,73,0,0,0,0,0,0,0,0,0,0,0,0,0,0,0,0,0,1,0,0,0,0,0,0
"Loreen","49aaHxvAJ0tCh0F15OnwIl","europop,swedish pop",881862,74,0,0,0,0,0,0,0,0,0,0,0,0,0,1,0,0,0,0,0,1,0,0,0,0
"Los Del Rio","2JXn03fudjyRkQ1Ye9f5rk","tropical",47604,57,0,0,0,0,0,0,0,0,0,0,0,0,0,0,0,0,0,0,0,0,0,1,0,0
"Los Lobos","6OWapcJm9xd55ci9CYbAuT","roots rock",142346,58,0,0,0,0,0,0,0,0,0,0,0,0,0,0,0,0,0,0,0,0,0,0,0,0
"Lost Kings","3hyEbRtp617pNCuuQjyOmc","pop dance,pop edm,tropical house",392637,56,0,0,0,0,0,1,0,0,0,0,0,0,0,1,1,1,0,0,0,0,0,1,1,0
"Lou Bega","46lnlnlU0dXTDpoAUmH6Qx","latin pop",101621,60,0,0,0,0,0,0,0,0,0,0,0,0,0,0,0,0,0,0,0,0,0,0,0,0
"Lou Monte","7dbKeVkihtOifdiu7f3rUg","novelty",9547,35,0,0,0,0,0,0,0,0,0,0,0,0,0,0,0,0,0,0,0,0,0,0,0,0
"Louis Armstrong","19eLuQmk9aCobbVDHc6eek","adult standards,dixieland,harlem renaissance,jazz trumpet,new orleans jazz,soul,swing,vocal jazz",2672072,69,0,0,0,0,0,0,0,0,0,0,0,0,0,0,0,0,0,0,0,0,0,0,0,0
"Loverboy","2CLVPk9FcywjClBcTvWPkT","album rock,classic canadian rock,classic rock,glam metal,hard rock,heartland rock,mellow gold,soft rock",815548,55,0,0,0,0,0,0,0,0,0,0,0,0,0,0,0,0,0,1,0,0,0,0,0,0
"Loving Caliber","6psCCMHymYfQy6VvYRr6cs","scandipop",124006,55,0,0,0,0,0,0,0,0,0,0,0,0,0,0,0,0,0,0,0,0,0,0,0,0
"Lucas & Steve","7dGJo4pcD2V6oG8kP0tJRR","detroit hip hop,hip hop,rap",70968198,91,0,0,0,0,0,0,0,0,0,0,0,0,0,0,0,0,0,0,0,0,0,0,0,0
"Luke Sexton","6IlsoQXrTJgRwEjndYb8Ek","",350,19,0,0,0,0,0,0,0,0,0,0,0,0,0,0,0,0,0,0,0,0,0,0,0,0
"Machine Gun Kelly","6TIYQ3jFPwQSRmorSezPxX","ohio hip hop,pop rap",5068714,78,0,0,0,0,0,0,0,0,0,0,0,0,0,1,0,0,0,0,0,0,0,0,0,0
"Macklemore & Ryan Lewis","5BcAKTbp20cv7tC5VqPFoC","pop rap,seattle hip hop",2623019,74,0,0,0,0,0,0,0,0,0,0,0,0,0,0,0,0,0,0,0,0,0,0,0,0
"Madeon","4pb4rqWSoGUgxm63xmJ8xc","complextro,edm,electro house,electropop,filter house,nantes indie,pop dance",643418,57,0,0,0,0,0,1,1,0,1,0,0,0,0,1,1,0,0,0,0,0,0,0,0,0
"Madison Beer","2kRfqPViCqYdSGhYSM9R0Q","pop",5718053,71,0,0,0,0,0,0,0,0,0,0,0,0,0,1,0,0,0,0,0,0,0,0,0,0
"Madonna","6tbjWDEIzxoDsBA1FuhfPW","dance pop,pop",6950795,77,0,0,0,0,1,0,0,0,0,0,0,0,0,1,0,0,0,0,0,0,0,0,0,0
"Majical Cloudz","4BEYBN6NCPrFk3sOLMTby3","art pop,canadian electropop,shiver pop",54981,37,0,1,0,0,0,0,1,0,0,0,0,0,0,1,0,0,0,0,0,0,0,0,0,0
"Major Lazer","738wLrAtLtCtFOLvQBXOXp","dance pop,edm,electro house,moombahton,pop,pop dance",6351741,75,0,0,0,0,1,1,0,0,1,0,0,0,0,1,1,0,0,0,0,0,0,0,0,0
"Mako","0Ye4nfYAA91T1X56gnlXAA","pop edm",113321,61,0,0,0,0,0,0,0,0,0,0,0,0,0,0,0,1,0,0,0,0,0,0,0,0
"Malia J","6iY5faxtqPs0eA1OeSvsAQ","",18182,43,0,0,0,0,0,0,0,0,0,0,0,0,0,0,0,0,0,0,0,0,0,0,0,0
"Mallrat","4OSArit7O2Jaj4mgf3YN7A","aussietronica,brisbane indie",202749,60,0,0,0,0,0,0,0,0,0,0,0,0,0,0,0,0,0,0,0,0,0,0,0,0
"Mandisa","0YPElKYjOD1sofFCtLdYj3","ccm,christian alternative rock,christian music,worship",403089,54,1,0,0,0,0,0,0,0,0,0,0,0,0,0,0,0,0,1,0,0,0,0,0,0
"Mannheim Steamroller","0EeHVtSdrYibpGDVHjWEpe","",78273,35,0,0,0,0,0,0,0,0,0,0,0,0,0,0,0,0,0,0,0,0,0,0,0,0
"Marc Cohn","2C8mKwk3z5DtqLcSwUdYJ9","mellow gold",89119,55,0,0,0,0,0,0,0,0,0,0,0,0,0,0,0,0,0,0,0,0,0,0,0,0
"Mariah Carey","4iHNK0tOyZPYnBU7nGAgpQ","dance pop,pop,urban contemporary",9000227,78,0,0,0,0,1,0,0,0,0,0,0,0,0,1,0,0,0,0,0,0,0,0,0,0
"Marina","6CwfuxIqcltXDGjfZsMd9A","metropopolis,pop,pov: indie,uk alternative pop",4622253,73,0,0,0,0,0,0,0,0,0,0,0,0,1,1,0,0,1,0,0,0,0,0,0,0
"Mark Ronson","3hv9jJF3adDNsBSIQDqcjp","pop soul",1015154,74,0,0,0,0,0,0,0,0,0,0,0,0,0,0,0,0,0,0,0,0,0,0,0,0
"Maroon 5","04gDigrS5kc9YWfZHwBETP","pop",40546169,85,0,0,0,0,0,0,0,0,0,0,0,0,0,1,0,0,0,0,0,0,0,0,0,0
"Marshmello","64KEffDW9EtZ1y2vBYgq8T","brostep,edm,pop,progressive electro house",35105207,84,0,0,0,0,0,1,0,0,0,0,0,0,0,1,0,0,0,0,0,0,0,0,0,0
"Martin Garrix","60d24wfXkVzDSfLS6hyCjZ","dutch edm,edm,pop,pop dance,progressive house",15796616,76,0,0,0,0,0,1,0,0,0,0,0,0,0,1,1,0,0,0,0,0,0,0,0,0
"Martin Solveig","1bj5GrcLom5gZFF5t949Xl","disco house,edm,electro house,filter house,house,pop dance,tropical house,vocal house",1215270,64,0,0,0,0,0,1,0,0,1,0,0,0,0,1,1,0,0,0,0,0,0,1,1,0
"Matisse & Sadko","77aLk6J8ofnVxa1eXK9jiU","latin arena pop,latin pop,mexican pop",984758,68,0,0,0,0,0,0,0,0,0,0,0,0,0,1,0,0,0,0,0,0,0,0,0,0
"MATOMA","4YXycRbyyAE0wozTk7QMEq","pop dance,tropical house",734746,65,0,0,0,0,0,0,0,0,0,0,0,0,0,0,1,0,0,0,0,0,0,1,1,0
"Matt Redman","0bz9hDpUbAw5JElgEiuIYZ","ccm,christian alternative rock,christian music,worship",590950,59,1,0,0,0,0,0,0,0,0,0,0,0,0,0,0,0,0,1,0,0,0,0,0,0
"Meghan Trainor","6JL8zeS1NmiOftqZTRgdTz","hip pop,pop",13302904,80,0,0,0,0,0,0,0,0,0,0,0,0,0,1,0,0,0,0,0,0,0,0,0,0
"Melanie Amaro","5jWTiWBU6BfIEtcYwYA3nv","talent show",7242,21,0,0,0,0,0,0,0,0,0,0,0,0,0,0,0,0,0,0,0,0,1,0,0,0
"Melanie Martinez","63yrD80RY3RNEM2YDpUpO8","alt z,electropop,pop",17371845,83,0,0,0,0,0,0,1,0,0,0,0,0,0,1,0,0,0,0,0,0,0,0,0,0
"Men at Work","0f3EsoviYnRKTkmayI3cux","album rock,australian rock,classic rock,hard rock,heartland rock,mellow gold,new romantic,new wave,new wave pop,rock,soft rock",1094918,66,0,0,0,0,0,0,0,0,0,0,0,0,0,1,0,0,0,1,0,0,0,0,0,0
"MercyMe","6APm8EjxOHSYM5B4i3vT3q","ccm,christian alternative rock,christian indie,christian music,worship",1637842,63,1,0,0,0,0,0,0,0,0,0,0,0,0,0,0,0,0,1,0,0,0,0,0,0
"Meredith Andrews","6qk2W9h3eE5UtPJlIatzsY","ccm,christian alternative rock,christian music",96835,43,1,0,0,0,0,0,0,0,0,0,0,0,0,0,0,0,0,1,0,0,0,0,0,0
"Metro Station","7vXwfZyDp3spzIVNXDaTPN","electropowerpop,neon pop punk,pixie,pop punk",322105,53,0,0,0,0,0,0,0,0,0,0,0,0,0,1,0,0,0,0,0,0,0,0,0,0
"MGM Studio Chorus","2EjrRJZBrUhYqcgmYF69N1","classic soundtrack,vintage broadway",15358,39,0,0,0,0,0,0,0,0,0,0,0,0,0,0,0,0,0,0,0,0,0,0,0,0
"Michelle Branch","5rScKX1Sh1U67meeUyTGwk","candy pop,lilith,neo mellow,pop rock",614012,57,0,0,0,0,0,0,0,0,0,0,0,0,0,1,0,0,0,0,0,0,0,0,0,0
"Midnight Kids","5w39eY1aNDybnDGTNgVt3r","pop edm",38219,45,0,0,0,0,0,0,0,0,0,0,0,0,0,0,0,1,0,0,0,0,0,0,0,0
"Mika","5MmVJVhhYKQ86izuGHzJYA","",1320197,66,0,0,0,0,0,0,0,0,0,0,0,0,0,0,0,0,0,0,0,0,0,0,0,0
"Mike Perry","6lB8vOoI4DRrrVxXwuV19c","pop dance,swedish tropical house,tropical house",1501548,68,0,0,0,0,0,0,0,0,1,0,0,0,0,0,1,0,0,0,0,0,0,1,1,0
"Mike Posner","2KsP6tYLJlTBvSUxnwlVWa","dance pop,pop,pop rap",1350287,70,0,0,0,0,1,0,0,0,0,0,0,0,0,1,0,0,0,0,0,0,0,0,0,0
"Miley Cyrus","5YGY8feqx7naU7z4HrwZM6","pop",20810564,88,0,0,0,0,0,0,0,0,0,0,0,0,0,1,0,0,0,0,0,0,0,0,0,0
"Milkman","30cKuCL2eREKcQ8NqyXUo7","mashup",18820,39,0,0,0,0,0,0,0,0,0,0,0,0,0,0,0,0,0,0,0,0,0,0,0,0
"Mimi Webb","3GxKJzJK4LpsYGXQrw77wz","alt z,gen z singer-songwriter,uk pop",313815,69,0,0,0,0,0,0,0,0,0,0,0,0,0,0,0,0,0,0,0,0,0,0,0,1
"Miya Miya","2nG8ELiAoUE4BnezYG4bDF","",4213,21,0,0,0,0,0,0,0,0,0,0,0,0,0,0,0,0,0,0,0,0,0,0,0,0
"Molly Sanden","0NRMzT05nsc8mTm4iUvuHY","swedish idol pop,swedish pop",277397,56,0,0,0,0,0,0,0,0,0,0,0,0,0,1,0,0,0,0,1,1,0,0,0,0
"MUNA","6xdRb2GypJ7DqnWAI2mHGn","indie pop,indie poptimism,la pop,metropopolis",296946,63,0,0,0,0,0,0,0,0,0,1,1,0,1,1,0,0,0,0,0,0,0,0,0,0
"MYBADD","1ma1sfdO5dYSd3Mvf0X6F6","",839,21,0,0,0,0,0,0,0,0,0,0,0,0,0,0,0,0,0,0,0,0,0,0,0,0
"Naked Eyes","3C6chBmZ9wzisBhoh8G2nK","new romantic,new wave,new wave pop,synthpop",151000,49,0,0,0,0,0,0,0,0,0,0,0,0,0,1,0,0,0,0,0,0,0,0,0,0
"Nat King Cole","7v4imS0moSyGdXyLgVTIV7","adult standards,lounge,soul,swing,vocal jazz",2042679,67,0,0,0,0,0,0,0,0,0,0,0,0,0,0,0,0,0,0,0,0,0,0,0,0
"Natasha Bedingfield","7o95ZoZt5ZYn31e9z1Hc0a","dance pop,pop,post-teen pop",1593538,65,0,0,0,0,1,0,0,0,0,0,0,0,0,1,0,0,0,0,0,0,0,0,0,0
"NateWantsToBattle","0Vb15td3iKkAzdGD5Sj9Ky","antiviral pop,otacore",394154,59,0,0,0,0,0,0,0,0,0,0,0,0,0,1,0,0,0,0,0,0,0,0,0,0
"Nathan Lane","0P0do9GwiSgweSF6Ui3mrv","movie tunes",8624,56,0,0,0,0,0,0,0,0,0,0,0,0,0,0,0,0,0,0,0,0,0,0,0,0
"Nause","4PVn1b2WnnXdq80C7uaZLZ","nordic house",194192,42,0,0,0,0,0,0,0,0,0,0,0,0,0,0,0,0,0,0,0,0,0,0,0,0
"Nena","6Tz0QRoe083BcOo2YbG9lV","german pop,new wave pop",374232,62,0,0,0,0,0,0,0,0,0,0,0,0,0,1,0,0,0,0,0,0,0,0,0,0
"Neon Hitch","2TnJ7VOpGzjtKUn0ObpEYe","electropop",127552,48,0,0,0,0,0,0,1,0,0,0,0,0,0,0,0,0,0,0,0,0,0,0,0,0
"New Hollow","4NVjldBwjF0DzudAiLvti0","",5839,28,0,0,0,0,0,0,0,0,0,0,0,0,0,0,0,0,0,0,0,0,0,0,0,0
"Newsboys","1SZMaiNHfdUuU0qZKZ6y62","ccm,christian alternative rock,christian music,worship",1114969,57,1,0,0,0,0,0,0,0,0,0,0,0,0,0,0,0,0,1,0,0,0,0,0,0
"Nicki Minaj","0hCNtLu0JehylgoiP8L4Gh","hip pop,pop,queens hip hop,rap",28237939,87,0,0,0,0,0,0,0,0,0,0,0,0,0,1,0,0,0,0,0,0,0,0,0,0
"Nicole Scherzinger","40xbWSB4JPdOkRyuTDy1oP","dance pop,pop",2334135,63,0,0,0,0,1,0,0,0,0,0,0,0,0,1,0,0,0,0,0,0,0,0,0,0
"Nightly","3qDMrpZHtZEtVl5i1l7hP3","hopebeat",157276,52,0,0,0,0,0,0,0,1,0,0,0,0,0,0,0,0,0,0,0,0,0,0,0,0
"Nikki Williams","1IYSbgNotSayG9ypffJi11","",6791,27,0,0,0,0,0,0,0,0,0,0,0,0,0,0,0,0,0,0,0,0,0,0,0,0
"Nile Rodgers","3yDIp0kaq9EFKe07X1X2rz","disco",105335,74,0,0,0,0,0,0,0,0,0,0,0,0,0,0,0,0,0,0,0,0,0,0,0,0
"No Doubt","0cQbJU1aAzvbEmTuljWLlF","dance pop,dance rock,permanent wave,pop rock,rock",2513796,67,0,0,0,0,1,0,0,0,0,0,0,0,0,1,0,0,0,1,0,0,0,0,0,0
"No Rome","6auWB5YAlcKaHyrbTH66nd","indietronica",194880,53,0,0,0,0,0,0,0,0,0,0,0,1,0,0,0,0,0,0,0,0,0,0,0,0
"Noah Neiman","2ojEZEmcQVC3vLNpcoo9rJ","progressive uplifting trance,sky room",5349,34,0,0,0,0,0,0,0,0,0,0,0,0,0,0,0,0,0,0,0,0,0,0,0,0
"NOTD","5jAMCwdNHWr7JThxtMuEyy","pop dance,pop edm,tropical house",281035,66,0,0,0,0,0,1,0,0,0,0,0,0,0,1,1,1,0,0,0,0,0,1,1,0
"Nova Miller","69iZuswGpLplhnKBE0MxcA","melodipop",21386,34,0,0,0,0,0,0,0,0,0,0,0,0,0,0,0,0,0,0,0,0,0,0,0,0
"Odessa","7xtlNrmdLZS2sqIkgWewi1","",35083,35,0,0,0,0,0,0,0,0,0,0,0,0,0,0,0,0,0,0,0,0,0,0,0,0
"Olivia Olson","6md7K2UM0UBU0fzI5erQCb","",25601,53,0,0,0,0,0,0,0,0,0,0,0,0,0,0,0,0,0,0,0,0,0,0,0,0
"Olly Murs","3whuHq0yGx60atvA2RCVRW","dance pop,pop,talent show",3304805,66,0,0,0,0,1,0,0,0,0,0,0,0,0,1,0,0,0,0,0,0,1,0,0,0
"One Direction","4AK6F7OLvEQ5QYCBNiQWHq","boy band,pop,post-teen pop,talent show",31124437,85,0,0,0,0,0,0,0,0,0,0,0,0,0,1,0,0,0,0,0,0,1,0,0,0
"OneRepublic","5Pwc4xIPtQLFEnJriah9YJ","piano rock,pop",15597449,83,0,0,0,0,0,0,0,0,0,0,0,0,0,1,0,0,0,1,0,0,0,0,0,0
"Owl City","07QEuhtrNmmZ0zEcqE9SF6","indietronica,pop",2357905,69,0,0,0,0,0,0,0,0,0,0,0,1,0,1,0,0,0,0,0,0,0,0,0,0
"P!nk","1KCSPY1glIKqW2TotWuXOR","dance pop,pop",15156113,82,0,0,0,0,1,0,0,0,0,0,0,0,0,1,0,0,0,0,0,0,0,0,0,0
"Pale Waves","0wOej91SVqB1zcYkW6xUtA","manchester indie,metropopolis",325904,50,0,0,0,0,0,0,0,0,0,0,0,0,1,0,0,0,0,0,0,0,0,0,0,0
"Panic! at the Disco","20JZFwl6HVl6yg8a4H3ZqK","pop",11838087,77,0,0,0,0,0,0,0,0,0,0,0,0,0,1,0,0,0,0,0,0,0,0,0,0
"Paramore","74XFHRwlV6OrjEM0A2NCMF","candy pop,modern rock,pixie,pop,pop emo,pop punk,rock",7777205,79,0,0,0,0,0,0,0,0,0,0,0,0,0,1,0,0,0,1,0,0,0,0,0,0
"Passenger","0gadJ2b9A4SKsB1RFkBb66","folk-pop,neo mellow",3177667,70,0,0,0,0,0,0,0,0,0,0,0,0,0,1,0,0,0,0,0,0,0,0,0,0
"Passion","6piIAIurGAryW5h1rqQC16","ccm,christian music,worship",392344,61,0,0,0,0,0,0,0,0,0,0,0,0,0,0,0,0,0,0,0,0,0,0,0,0
"Passion Pit","7gjAu1qr5C2grXeQFFOGeh","indie rock,indietronica,modern rock,neo-synthpop",1249015,58,0,0,0,0,0,0,0,0,0,0,0,1,0,0,0,0,0,1,0,0,0,0,0,0
"Pat Benatar","43mhFhQ4JAknA7Ik1bOZuV","album rock,classic rock,glam metal,hard rock,heartland rock,mellow gold,new romantic,new wave pop,rock,singer-songwriter,soft rock",1549920,63,0,0,0,0,0,0,0,0,0,0,0,0,0,1,0,0,0,1,0,0,0,0,0,0
"Pat Farrell","4rIcBtkynhoOjeBeYrAfQe","",1120,6,0,0,0,0,0,0,0,0,0,0,0,0,0,0,0,0,0,0,0,0,0,0,0,0
"Paul McCartney","4STHEaNw4mPZ2tzheohgXB","beatlesque,classic rock,rock",4401949,71,0,0,0,0,0,0,0,0,0,0,0,0,0,0,0,0,0,1,0,0,0,0,0,0
"Paul Simon","2CvCyf1gEVhI0mX6aFXmVI","classic rock,folk,folk rock,mellow gold,permanent wave,rock,singer-songwriter,soft rock",2102821,69,0,0,0,0,0,0,0,0,0,0,0,0,0,0,0,0,0,1,0,0,0,0,0,0
"Paula Abdul","4PpmBoqphQusNFsxuVKb6j","dance pop,new wave pop,soft rock",1017419,53,0,0,0,0,1,0,0,0,0,0,0,0,0,1,0,0,0,0,0,0,0,0,0,0
"Peach Prc","006j2rer9tZJCYniu7SaWS","alt z",157252,57,0,0,0,0,0,0,0,0,0,0,0,0,0,0,0,0,0,0,0,0,0,0,0,0
"Peg Parnevik","2lLqHBjAnD1QyH24pOPoH6","swedish pop",42928,47,0,0,0,0,0,0,0,0,0,0,0,0,0,0,0,0,0,0,0,1,0,0,0,0
"Pentatonix","26AHtbjWKiwYzsoGoUZq53","a cappella,viral pop",3589795,64,0,0,0,0,0,0,0,0,0,0,0,0,0,0,0,0,0,0,0,0,0,0,0,0
"Percy Faith & His Orchestra & Chorus","24DQLSng7bKZD4GXLIaQbv","easy listening,man's orchestra",56576,48,0,0,0,0,0,0,0,0,0,0,0,0,0,0,0,0,0,0,0,0,0,0,0,0
"Phil Collins","4lxfqrEsLX6N1N4OCSkILp","rock drums,soft rock",5167282,75,0,0,0,0,0,0,0,0,0,0,0,0,0,0,0,0,0,0,0,0,0,0,0,0
"Phil Wickham","5d1JhBfyb58upMXCZOdbQu","ccm,christian alternative rock,christian indie,christian music,worship",719794,65,1,0,0,0,0,0,0,0,0,0,0,0,0,0,0,0,0,1,0,0,0,0,0,0
"Phineas and the Ferbtones","1pz6Uk6RETJmyNuxp4TD5m","",4858,36,0,0,0,0,0,0,0,0,0,0,0,0,0,0,0,0,0,0,0,0,0,0,0,0
"Pierce Fulton","5p0zkKpBuRguKebwRe0RI2","complextro,pop edm,progressive electro house",48172,44,0,0,0,0,0,1,0,0,0,0,0,0,0,1,0,1,0,0,0,0,0,0,0,0
"Pink Martini","6KyUat70qaniuiZq63HzFZ","lounge",370856,58,0,0,0,0,0,0,0,0,0,0,0,0,0,0,0,0,0,0,0,0,0,0,0,0
"Pitbull","0TnOYISbd1XYRBk9myaseg","dance pop,miami hip hop,pop",10004057,83,0,0,0,0,1,0,0,0,0,0,0,0,0,1,0,0,0,0,0,0,0,0,0,0
"Porter Robinson","3dz0NnIZhtKKeXZxLOxCam","complextro,edm,electro house,pop dance,progressive electro house",1071736,62,0,0,0,0,0,1,0,0,1,0,0,0,0,1,1,0,0,0,0,0,0,0,0,0
"PRiZM","0elWefATNt1GKkpPX2L5bo","popwave",10067,37,0,0,0,0,0,0,0,0,0,0,0,0,0,0,0,0,0,0,0,0,0,0,0,0
"punctual","1ocnIbhFWM9bSPrd7Hu4zF","uk dance",32381,63,0,0,0,0,0,0,0,0,0,0,0,0,0,0,0,0,0,0,0,0,0,0,0,0
"Punk Party","30cKuCL2eREKcQ8NqyXUo7","mashup",18820,39,0,0,0,0,0,0,0,0,0,0,0,0,0,0,0,0,0,0,0,0,0,0,0,0
"Queen","1dfeR4HaWDbWqFHLkxsg1d","classic rock,glam rock,rock",46730726,85,0,0,0,0,0,0,0,0,0,0,0,0,0,0,0,0,0,1,0,0,0,0,0,0
"R3hab","6cEuCEZu7PAE9ZSzLLc2oQ","dutch house,edm,electro house,pop dance,progressive electro house,slap house",2475347,77,0,0,0,0,0,1,0,0,1,0,0,0,0,1,1,0,0,0,0,0,0,0,0,0
"Rachel Platten","3QLIkT4rD2FMusaqmkepbq","post-teen pop,viral pop",868745,62,0,0,0,0,0,0,0,0,0,0,0,0,0,1,0,0,0,0,0,0,0,0,0,0
"Rachel Taylor","4tiMiMwK4tAO2QVJHfZFhg","",15222,26,0,0,0,0,0,0,0,0,0,0,0,0,0,0,0,0,0,0,0,0,0,0,0,0
"Randy Crenshaw","1uYWNGwHu2d2au8iOXZROv","",2335,33,0,0,0,0,0,0,0,0,0,0,0,0,0,0,0,0,0,0,0,0,0,0,0,0
"Randy Newman","3HQyFCFFfJO3KKBlUfZsyW","movie tunes,singer-songwriter",199625,59,0,0,0,0,0,0,0,0,0,0,0,0,0,0,0,0,0,0,0,0,0,0,0,0
"Rascal Flatts","0a1gHP0HAqALbEyxaD5Ngn","contemporary country,country,country road",3505590,69,0,0,0,0,0,0,0,0,0,0,0,0,0,0,0,0,0,0,0,0,0,0,0,0
"Rat City","6VSMAVF00xwG8Adoqnbqy6","scandipop",11714,43,0,0,0,0,0,0,0,0,0,0,0,0,0,0,0,0,0,0,0,0,0,0,0,0
"Raven-Symone","6kUQJlewgd3UFKVYrrmILh","post-teen pop",273477,37,0,0,0,0,0,0,0,0,0,0,0,0,0,0,0,0,0,0,0,0,0,0,0,0
"Ray Parker Jr.","0NyzfcGDZZ6GM25EBG9BYK","",68177,53,0,0,0,0,0,0,0,0,0,0,0,0,0,0,0,0,0,0,0,0,0,0,0,0
"Rebecka Karlsson","5eQqcPbXB8aHmLxOTBT6Sc","melodipop,swedish pop",3652,12,0,0,0,0,0,0,0,0,0,0,0,0,0,1,0,0,0,0,0,1,0,0,0,0
"Red One","6O9WquDfQTxGRZqZUXVEQx","moroccan pop",59923,55,0,0,0,0,0,0,0,0,0,0,0,0,0,0,0,0,0,0,0,0,0,0,0,0
"Rick Springfield","6IFXsrXBpwbIqtOUOiAa3p","album rock,australian rock,classic rock,glam metal,hard rock,heartland rock,mellow gold,new romantic,new wave pop,soft rock,yacht rock",757005,60,0,0,0,0,0,0,0,0,0,0,0,0,0,1,0,0,0,1,0,0,0,0,0,0
"Rihanna","5pKCCKE2ajJHZ9KAiaK11H","barbadian pop,pop,urban contemporary",55286159,90,0,0,0,0,0,0,0,0,0,0,0,0,0,1,0,0,0,0,0,0,0,0,0,0
"Rina Sawayama","2KEqzdPS7M5YwGmiuPTdr5","art pop,electropop,indie pop",916606,63,0,1,0,0,0,0,1,0,0,1,0,0,0,1,0,0,0,0,0,0,0,0,0,0
"Rita Ora","5CCwRZC6euC8Odo6y9X8jr","dance pop,pop,uk pop",8132410,73,0,0,0,0,1,0,0,0,0,0,0,0,0,1,0,0,0,0,0,0,0,0,0,1
"River Valley Worship","1VXCIEol192OgSF9VzowGV","ccm,world worship",51289,44,0,0,0,0,0,0,0,0,0,0,0,0,0,0,0,0,0,0,0,0,0,0,0,0
"Rob Thomas","3aBkeBhwadnWMWoVJ2CxJC","neo mellow,pop rock,post-grunge",865219,61,0,0,0,0,0,0,0,0,0,0,0,0,0,1,0,0,0,1,0,0,0,0,0,0
"Robin Packalen","4Q4b4S784htx6DtxcMUfMO","finnish dance pop,finnish pop",191609,50,0,0,0,0,1,0,0,0,0,0,0,0,0,1,0,0,0,0,0,0,0,0,0,0
"Robin Sparkles","40GCiwUFiowJqS6MHrwPWF","",6982,26,0,0,0,0,0,0,0,0,0,0,0,0,0,0,0,0,0,0,0,0,0,0,0,0
"Robyn","6UE7nl9mha6s8z0wFQFIZ2","dance pop,electropop,neo-synthpop,scandipop,swedish electropop,swedish pop",813378,60,0,0,0,0,1,0,1,0,0,0,0,0,0,1,0,0,0,0,0,1,0,0,0,0
"Roger Bart","4sZw3BLoQ9SniX4mcoh80b","movie tunes",9853,49,0,0,0,0,0,0,0,0,0,0,0,0,0,0,0,0,0,0,0,0,0,0,0,0
"Rufus","6OmTKuh8u9n8jvctEJckh5","",539,17,0,0,0,0,0,0,0,0,0,0,0,0,0,0,0,0,0,0,0,0,0,0,0,0
"Ryn Weaver","2MuFzH1J5I6gGFYo2qhZmX","electropop,indie poptimism",226449,52,0,0,0,0,0,0,1,0,0,1,1,0,0,1,0,0,0,0,0,0,0,0,0,0
"SAINTE","74gcBzlQza1bSfob90yRhR","canadian folk,canadian indie",842605,59,0,0,0,0,0,0,0,0,0,0,0,0,0,0,0,0,0,0,0,0,0,0,0,0
"Samantha Jade","5i84V8Zk7YqCN6xxb7SWgw","australian pop,australian talent show",99118,42,0,0,1,0,0,0,0,0,0,0,0,0,0,1,0,0,0,0,0,0,0,0,0,0
"Samuel E. Wright","6Id8rcDNyBXPcgKQVfQ8rX","movie tunes",27500,56,0,0,0,0,0,0,0,0,0,0,0,0,0,0,0,0,0,0,0,0,0,0,0,0
"Sarah McLachlan","4NgNsOXSwIzXlUIJcpnNUp","canadian pop,canadian singer-songwriter,ectofolk,lilith,permanent wave,pop rock",805290,62,0,0,0,1,0,0,0,0,0,0,0,0,0,1,0,0,0,0,0,0,0,0,0,0
"Sarah Reeves","2vGA5qCDLZGW6exRQgKfLL","ccm,christian pop",91066,48,0,0,0,0,0,0,0,0,0,0,0,0,0,0,0,0,0,0,0,0,0,0,0,0
"Scavenger Hunt","2CJw5Z0VmlBMrS1J1dtG9Z","indie poptimism,nightrun",31106,37,0,0,0,0,0,0,0,0,0,0,1,0,0,0,0,0,0,0,0,0,0,0,0,0
"Sean Kingston","6S0dmVVn4udvppDhZIWxCr","dance pop,miami hip hop,pop",3038636,69,0,0,0,0,1,0,0,0,0,0,0,0,0,1,0,0,0,0,0,0,0,0,0,0
"Secret Nation","0gX4Kuwic0S5GfOp1oBZYC","indiecoustica",13471,29,0,0,0,0,0,0,0,0,0,0,0,0,0,0,0,0,0,0,0,0,0,0,0,0
"Seeb","5iNrZmtVMtYev5M9yoWpEq","pop dance,tropical house",345519,68,0,0,0,0,0,0,0,0,0,0,0,0,0,0,1,0,0,0,0,0,0,1,1,0
"Selena Gomez","0C8ZW7ezQVs4URX5aX7Kqx","pop,post-teen pop",42450600,85,0,0,0,0,0,0,0,0,0,0,0,0,0,1,0,0,0,0,0,0,0,0,0,0
"Selena Gomez & the Scene","46pWGuE3dSwY3bMMXGBvVS","afrobeats,nigerian pop",2404497,81,0,0,0,0,0,0,0,0,0,0,0,0,0,0,0,0,0,0,0,0,0,0,0,0
"Serg Halen","5LdoK4VhDHMMUGPs6C32Ga","",38,4,0,0,0,0,0,0,0,0,0,0,0,0,0,0,0,0,0,0,0,0,0,0,0,0
"Seven Lions","6fcTRFpz0yH79qSKfof7lp","brostep,complextro,dubstep,edm,electro house,melodic dubstep,pop dance,progressive house,progressive trance",459655,61,0,0,0,0,0,1,0,0,1,0,0,0,0,1,1,0,0,0,0,0,0,0,0,0
"SG Lewis","0GG2cWaonE4JPrjcCCQ1EG","indie soul,uk dance,vapor soul",322265,64,0,0,0,0,0,0,0,0,0,0,0,0,0,0,0,0,0,0,0,0,0,0,0,0
"Shakira","0EmeFodog0BfCgMzAIvKQp","colombian pop,dance pop,latin pop,pop",29218007,90,0,0,0,0,1,0,0,0,0,0,0,0,0,1,0,0,0,0,0,0,0,0,0,0
"Shane & Shane","6Qm9stX6XO1a4c7BXQDDgc","chamber pop,indie folk,indie rock,new americana,stomp and holler",161679,57,0,0,0,0,0,0,0,0,0,0,0,0,0,1,0,0,0,1,0,0,0,0,0,0
"Shawn Mendes","7n2wHs1TKAczGzO7Dd2rGr","canadian pop,pop,viral pop",41590291,83,0,0,0,1,0,0,0,0,0,0,0,0,0,1,0,0,0,0,0,0,0,0,0,0
"Sheppard","6VxCmtR7S3yz4vnzsJqhSV","australian indie,folk-pop",284239,62,0,0,0,0,0,0,0,0,0,0,0,0,0,0,0,0,0,0,0,0,0,0,0,0
"Shontelle","7bXCYbXleEMprSweKHFs9T","fake",1175,15,0,0,0,0,0,0,0,0,0,0,0,0,0,0,0,0,0,0,0,0,0,0,0,0
"Sia","5WUlDfRSoLAfcVSX1WnrxN","australian dance,australian pop,pop",26254857,84,0,0,1,0,0,0,0,0,0,0,0,0,0,1,0,0,0,0,0,0,0,0,0,0
"Sick Individuals","0XqFDQJjqW5PfhfBCb53LR","big room,dutch house,edm,electro house,pop dance,progressive electro house",191597,56,0,0,0,0,0,1,0,0,1,0,0,0,0,1,1,0,0,0,0,0,0,0,0,0
"Sigala","1IueXOQyABrMOprrzwQJWN","dance pop,edm,pop dance,tropical house,uk dance,uk pop",1555047,73,0,0,0,0,1,1,0,0,1,0,0,0,0,1,1,0,0,0,0,0,0,1,1,1
"Silk City","2X97ZAqRKRMYFIDqtvGgGc","edm",78803,55,0,0,0,0,0,1,0,0,0,0,0,0,0,0,0,0,0,0,0,0,0,0,0,0
"Simple Plan","2p4FqHnazRucYQHyDCdBrJ","canadian pop punk,canadian punk,canadian rock,modern rock,neon pop punk,pop punk",3403401,68,0,0,0,0,0,0,0,0,0,0,0,0,0,1,0,0,0,1,0,0,0,0,0,0
"Smash Mouth","2iEvnFsWxR0Syqu2JNopAd","pop rock,post-grunge",951270,66,0,0,0,0,0,0,0,0,0,0,0,0,0,0,0,0,0,1,0,0,0,0,0,0
"Smith & Thell","3YQKmKGau1PzlVlkL1iodx","modern rock,pop,pov: indie,rock",23655505,80,0,0,0,0,0,0,0,0,0,0,0,0,0,1,0,0,1,1,0,0,0,0,0,0
"Snakehips","2FwJwEswyIUAljqgjNSHgP","electropop,tropical house,uk dance",352455,64,0,0,0,0,0,0,1,0,1,0,0,0,0,1,0,0,0,0,0,0,0,1,1,0
"Snow Patrol","3rIZMv9rysU7JkLzEaC5Jp","irish rock,modern rock,neo mellow,permanent wave,pop rock",2824833,68,0,0,0,0,0,0,0,0,0,0,0,0,0,1,0,0,0,1,0,0,0,0,0,0
"Sondr","4hbnUamwrCHpv4wQTwvCIc","pop edm",13018,47,0,0,0,0,0,0,0,0,0,0,0,0,0,0,0,1,0,0,0,0,0,0,0,0
"Spice Girls","0uq5PttqEjj3IH1bzwcrXF","dance pop,girl group,pop",3070216,68,0,0,0,0,1,0,0,0,0,0,0,0,0,1,0,0,0,0,0,0,0,0,0,0
"STANDERWICK","6mLXfZ1OfXde8Iy9BfKoHE","progressive house,progressive trance,trance,uplifting trance",18421,41,0,0,0,0,0,0,0,0,1,0,0,0,0,0,0,0,0,0,0,0,0,0,0,0
"Starship","0kObWap02DEg9EAJ3PBxzf","album rock,classic rock,heartland rock,mellow gold,new romantic,new wave pop,soft rock,synthpop",923345,65,0,0,0,0,0,0,0,0,0,0,0,0,0,1,0,0,0,1,0,0,0,0,0,0
"Steerner","1TMa2M8BSbJP1rqX83wALz","deep pop edm,progressive electro house",28161,41,0,0,0,0,0,1,0,0,0,0,0,0,0,0,0,1,0,0,0,0,0,0,0,0
"Stefania","0HZUhj5PZHzHMWSI4s8rOQ","greek pop",34205,40,0,0,0,0,0,0,0,0,0,0,0,0,0,0,0,0,0,0,0,0,0,0,0,0
"Steve Aoki","77AiFEVeAVj2ORpC85QVJs","edm,electro house,pop dance",3753387,74,0,0,0,0,0,1,0,0,1,0,0,0,0,1,1,0,0,0,0,0,0,0,0,0
"Steve Winwood","5gxynDEKwNDgxGJmJjZyte","album rock,classic rock,folk rock,heartland rock,mellow gold,singer-songwriter,soft rock",966273,59,0,0,0,0,0,0,0,0,0,0,0,0,0,0,0,0,0,1,0,0,0,0,0,0
"Stevie Wonder","7guDJrEfX3qb6FEbdPA5qi","motown,soul",6119476,75,0,0,0,0,0,0,0,0,0,0,0,0,0,0,0,0,0,0,0,0,0,0,0,0
"Strange Names","7h0IuoboK8IGcFsS5ey0hj","",7424,17,0,0,0,0,0,0,0,0,0,0,0,0,0,0,0,0,0,0,0,0,0,0,0,0
"Susan Egan","7CckquWatDQSr3PFKkjM8M","movie tunes",15716,53,0,0,0,0,0,0,0,0,0,0,0,0,0,0,0,0,0,0,0,0,0,0,0,0
"Swedish House Mafia","1h6Cn3P4NGzXbaXidqURXs","edm,pop dance,progressive electro house",3708310,76,0,0,0,0,0,1,0,0,0,0,0,0,0,1,1,0,0,0,0,0,0,0,0,0
"Syn Cole","6i1GVNJCyyssRwXmnaeEFH","deep tropical house,edm,pop dance,tropical house",230394,61,0,0,0,0,0,1,0,0,1,0,0,0,0,1,1,0,0,0,0,0,0,1,1,0
"Taio Cruz","6MF9fzBmfXghAz953czmBC","dance pop,pop,pop rap",2233605,70,0,0,0,0,1,0,0,0,0,0,0,0,0,1,0,0,0,0,0,0,0,0,0,0
"Taylor Dayne","32lVGr0fSRGT6okLKHiP68","freestyle,hi-nrg,new romantic,new wave pop,soft rock,synthpop",419877,56,0,0,0,0,0,0,0,0,0,0,0,0,0,1,0,0,0,1,0,0,0,0,0,0
"Taylor Swift","06HL4z0CvFAxyc27GXpf02","pop",74932307,100,0,0,0,0,0,0,0,0,0,0,0,0,0,1,0,0,0,0,0,0,0,0,0,0
"TeamMate","42XkI7wAR6XWksLCmQ5AwO","",4342,25,0,0,0,0,0,0,0,0,0,0,0,0,0,0,0,0,0,0,0,0,0,0,0,0
"teamwork.","6YbvyuBTs8JbVj7iyurrJe","la pop",3602,33,0,0,0,0,0,0,0,0,0,0,0,0,0,0,0,0,0,0,0,0,0,0,0,0
"Terror Jr","5QatamYwvUTOmMHW6WA0AG","alt z,electropop,indie poptimism,metropopolis",212294,45,0,0,0,0,0,0,1,0,0,1,1,0,1,1,0,0,0,0,0,0,0,0,0,0
"Tevin Campbell","5VfqJBmXcf6ZqXoGij5qTE","contemporary r&b,new jack swing,r&b,urban contemporary",969024,57,0,0,0,0,0,0,0,0,0,0,0,0,0,0,0,0,0,0,0,0,0,0,0,0
"The 1975","3mIj9lX2MWuHmhNCA7LSCW","modern alternative rock,modern rock,pop,pov: indie,rock",6686983,80,1,0,0,0,0,0,0,0,0,0,0,0,0,1,0,0,1,1,0,0,0,0,0,0
"The Aces","2AmfMGi3WZMxqFDHissIAe","alt z,indie pop,uk pop",260098,54,0,0,0,0,0,0,0,0,0,1,0,0,0,1,0,0,0,0,0,0,0,0,0,1
"The All-American Rejects","3vAaWhdBR38Q02ohXqaNHT","alternative metal,modern rock,neo mellow,neon pop punk,pop punk,pop rock,post-grunge",2497147,66,0,0,0,0,0,0,0,0,0,0,0,0,0,1,0,0,0,1,0,0,0,0,0,0
"The B-52's","3gdbcIdNypBsYNu3iiCjtN","album rock,classic rock,dance rock,new romantic,new wave,new wave pop,permanent wave,post-punk,rock,zolo",955109,60,0,0,0,0,0,0,0,0,0,0,0,0,0,1,0,0,0,1,0,0,0,0,0,0
"The Band CAMINO","6d4jrmreCmsenscuieJERc","hopebeat,pov: indie",349318,62,0,0,0,0,0,0,0,1,0,0,0,0,0,0,0,0,1,0,0,0,0,0,0,0
"The Bangles","51l0uqRxGaczYr4271pVIC","album rock,jangle pop,mellow gold,new romantic,new wave,new wave pop,paisley underground,soft rock,synthpop",1263151,63,0,0,0,0,0,0,0,0,0,0,0,0,0,1,0,0,0,1,0,0,0,0,0,0
"The Barden Bellas","2BaKphge9AdjZIxQqv7WoQ","a cappella",166686,56,0,0,0,0,0,0,0,0,0,0,0,0,0,0,0,0,0,0,0,0,0,0,0,0
"The Bettys","5Fp1YNO1UGetnTEvlpFJTr","",797,22,0,0,0,0,0,0,0,0,0,0,0,0,0,0,0,0,0,0,0,0,0,0,0,0
"The Black Eyed Peas","1yxSLGMDHlW21z4YXirZDS","dance pop,pop,pop rap",7454586,81,0,0,0,0,1,0,0,0,0,0,0,0,0,1,0,0,0,0,0,0,0,0,0,0
"The Buggles","057gc1fxmJ2vkctjQJ7Tal","early synthpop,new wave pop,synthpop,zolo",98324,57,0,0,0,0,0,0,0,0,0,0,0,0,0,1,0,0,0,0,0,0,0,0,0,0
"The Calling","5aMmmNxw4vgpc5XC6hK0zp","neo mellow,pop rock,post-grunge",714001,61,0,0,0,0,0,0,0,0,0,0,0,0,0,1,0,0,0,1,0,0,0,0,0,0
"The Cast","6EFQEX7EENE1e7KU2d5lVj","",1549,17,0,0,0,0,0,0,0,0,0,0,0,0,0,0,0,0,0,0,0,0,0,0,0,0
"The Chainsmokers","69GGBxA162lTqCwzJG5jLp","electropop,pop,tropical house",20158538,80,0,0,0,0,0,0,1,0,0,0,0,0,0,1,0,0,0,0,0,0,0,1,1,0
"The Cranberries","7t0rwkOPGlDPEhaOcVtOt9","irish rock,pop rock,rock",3403192,73,0,0,0,0,0,0,0,0,0,0,0,0,0,1,0,0,0,1,0,0,0,0,0,0
"The Disney Afternoon Studio Chorus","0kzp6Ezum8UhblfmLkcyPq","movie tunes",6357,36,0,0,0,0,0,0,0,0,0,0,0,0,0,0,0,0,0,0,0,0,0,0,0,0
"The Emotions","64CuUOOirKmdAYLQSfaOyr","chicago soul,classic soul,disco,funk,girl group,motown,post-disco,quiet storm,soul",542460,62,0,0,0,0,0,0,0,0,0,0,0,0,0,0,0,0,0,0,0,0,0,0,0,0
"The Fray","0zOcE3mg9nS6l3yxt1Y0bK","neo mellow,piano rock,pop,pop rock",3926108,69,0,0,0,0,0,0,0,0,0,0,0,0,0,1,0,0,0,1,0,0,0,0,0,0
"The Go-Go's","2mG8HHQ9S9kcbjcrb5N1FE","album rock,candy pop,classic rock,girl group,heartland rock,jangle pop,mellow gold,new romantic,new wave,new wave pop,permanent wave,singer-songwriter,soft rock,synthpop",693658,54,0,0,0,0,0,0,0,0,0,0,0,0,0,1,0,0,0,1,0,0,0,0,0,0
"The Goo Goo Dolls","2sil8z5kiy4r76CRTXxBCA","neo mellow,permanent wave,pop rock,post-grunge",2517748,71,0,0,0,0,0,0,0,0,0,0,0,0,0,1,0,0,0,1,0,0,0,0,0,0
"The Hunna","7jZycSvTyx0W9poD4PjEIG","modern alternative rock",246950,53,0,0,0,0,0,0,0,0,0,0,0,0,0,0,0,0,0,0,0,0,0,0,0,0
"The Ivy","6rwEDzogsmiJGMjUsGn8vn","hopebeat",47146,49,0,0,0,0,0,0,0,1,0,0,0,0,0,0,0,0,0,0,0,0,0,0,0,0
"The J. Geils Band","69Mj3u4FTUrpyeGNSIaU6F","album rock,classic rock,country rock,hard rock,mellow gold,rock,singer-songwriter,soft rock",774559,57,0,0,0,0,0,0,0,0,0,0,0,0,0,0,0,0,0,1,0,0,0,0,0,0
"The Kid LAROI","2tIP7SsRs7vjIcLrU85W8J","australian hip hop",4557093,81,0,0,0,0,0,0,0,0,0,0,0,0,0,0,0,0,0,0,0,0,0,0,0,0
"The Killers","0C0XlULifJtAgn6ZNCW2eu","alternative rock,dance rock,modern rock,permanent wave,rock",6987795,77,1,0,0,0,0,0,0,0,0,0,0,0,0,0,0,0,0,1,0,0,0,0,0,0
"The Knocks","2x7EATekOPhFGRx3syMGEC","alternative dance,indie poptimism,nu disco",214006,62,0,0,0,0,0,0,0,0,0,1,1,0,0,0,0,0,0,0,0,0,0,0,0,0
"The Midnight","2NFrAuh8RQdQoS7iYFbckw","nightrun,popwave",417927,59,0,0,0,0,0,0,0,0,0,0,0,0,0,1,0,0,0,0,0,0,0,0,0,0
"The Monkees","320EPCSEezHt1rtbfwH6Ck","album rock,beatlesque,bubblegum pop,classic rock,folk rock,heartland rock,mellow gold,rock-and-roll,singer-songwriter,soft rock,sunshine pop",1081315,63,0,0,0,0,0,0,0,0,0,0,0,0,0,1,0,0,0,1,0,0,0,0,0,0
"The Motion Epic","2maV9w4OlFpfWlMX3URDuN","popwave",4274,28,0,0,0,0,0,0,0,0,0,0,0,0,0,0,0,0,0,0,0,0,0,0,0,0
"The Outfield","1zxDewzd2j1ZdSBGaYcr0y","album rock,power pop",552724,65,0,0,0,0,0,0,0,0,0,0,0,0,0,0,0,0,0,1,0,0,0,0,0,0
"The Pointer Sisters","2kreKea2n96dXjcyAU9j5N","disco,girl group,hi-nrg,motown,new wave pop,soft rock",945770,63,0,0,0,0,0,0,0,0,0,0,0,0,0,1,0,0,0,0,0,0,0,0,0,0
"The Rembrandts","0gDg7FEsF4Y1jWddJJgcn4","pop rock",48688,53,0,0,0,0,0,0,0,0,0,0,0,0,0,0,0,0,0,0,0,0,0,0,0,0
"The Romantics","3daM7asS0gCFvyLemNx2EE","album rock,classic rock,heartland rock,mellow gold,new romantic,new wave,new wave pop,power pop,soft rock,synthpop",356765,56,0,0,0,0,0,0,0,0,0,0,0,0,0,1,0,0,0,1,0,0,0,0,0,0
"The Ronettes","7CyeXFnOrfC1N6z4naIpgo","brill building pop,classic girl group,motown,rock-and-roll",241042,58,0,0,0,0,0,0,0,0,0,0,0,0,0,1,0,0,0,1,0,0,0,0,0,0
"The Runaway Club","0XqFDQJjqW5PfhfBCb53LR","big room,dutch house,edm,electro house,pop dance,progressive electro house",191597,56,0,0,0,0,0,1,0,0,1,0,0,0,0,1,1,0,0,0,0,0,0,0,0,0
"The Saturdays","15qI5w4XJFLRMwOp2VrlD5","dance pop,girl group,post-teen pop,talent show",760798,51,0,0,0,0,1,0,0,0,0,0,0,0,0,1,0,0,0,0,0,0,1,0,0,0
"The Script","3AQRLZ9PuTAozP28Skbq8V","celtic rock,pop",7887359,73,0,0,0,0,0,0,0,0,0,0,0,0,0,1,0,0,0,1,0,0,0,0,0,0
"The Spacies","3YpKkSd9uluZRtrh2oUsVn","pop edm",10420,35,0,0,0,0,0,0,0,0,0,0,0,0,0,0,0,1,0,0,0,0,0,0,0,0
"The Strike","6VB4TqEl0yfaF88LYHH4wj","hopebeat",32581,46,0,0,0,0,0,0,0,1,0,0,0,0,0,0,0,0,0,0,0,0,0,0,0,0
"The Vamps","7gAppWoH7pcYmphCVTXkzs","boy band,pop",5664336,68,0,0,0,0,0,0,0,0,0,0,0,0,0,1,0,0,0,0,0,0,0,0,0,0
"The Veronicas","1dIdBZaaHRW2bDTkHNfWln","australian pop,candy pop,dance pop,girl group,post-teen pop",926105,56,0,0,1,0,1,0,0,0,0,0,0,0,0,1,0,0,0,0,0,0,0,0,0,0
"The Wanted","2NhdGz9EDv2FeUw6udu2g1","boy band,dance pop,pop,post-teen pop",2630155,65,0,0,0,0,1,0,0,0,0,0,0,0,0,1,0,0,0,0,0,0,0,0,0,0
"The Weather Girls","19xz1vcuKNjniGEftTOSSH","disco,hi-nrg",148853,55,0,0,0,0,0,0,0,0,0,0,0,0,0,0,0,0,0,0,0,0,0,0,0,0
"The Weeknd","1Xyo4u8uXC1ZmMpatF05PJ","canadian contemporary r&b,canadian pop,pop",65185455,96,0,0,0,1,0,0,0,0,0,0,0,0,0,1,0,0,0,0,0,0,0,0,0,0
"The Worship Initiative","1bMkQIx4MpNHLxoylvipdQ","roots worship",45720,57,0,0,0,0,0,0,0,0,0,0,0,0,0,0,0,0,0,0,0,0,0,0,0,0
"Thelma Houston","3sgUnR8TF35euWEV07RPyO","disco,diva house,motown,post-disco",99833,46,0,0,0,0,0,0,0,0,1,0,0,0,0,0,0,0,0,0,0,0,0,0,0,0
"Thomas Hayes","1127FlmEDHXC26IBsg8zHP","pop edm,sky room",5897,38,0,0,0,0,0,1,0,0,0,0,0,0,0,0,0,1,0,0,0,0,0,0,0,0
"Thomas Helmore","4dQg1sHFFZrwuVN87UxJgb","",157,7,0,0,0,0,0,0,0,0,0,0,0,0,0,0,0,0,0,0,0,0,0,0,0,0
"Thurl Ravenscroft","5Gejwv3xz2DpLcxVpMD6hL","movie tunes",5231,42,0,0,0,0,0,0,0,0,0,0,0,0,0,0,0,0,0,0,0,0,0,0,0,0
"Tiesto","2o5jDhtHVPhrJdv3cEQ99Z","big room,brostep,dutch edm,edm,house,pop dance,slap house,trance",6902871,84,0,0,0,0,0,1,0,0,1,0,0,0,0,1,1,0,0,0,0,0,0,0,0,0
"Tim Halperin","3nVeK8gQChVtVCCjGreal2","indiecoustica",33446,50,0,0,0,0,0,0,0,0,0,0,0,0,0,0,0,0,0,0,0,0,0,0,0,0
"Tim McGraw","6roFdX1y5BYSbp60OTJWMd","contemporary country,country,country road",4363745,72,0,0,0,0,0,0,0,0,0,0,0,0,0,0,0,0,0,0,0,0,0,0,0,0
"Timbaland","5Y5TRrQiqgUO4S36tzjIRZ","dance pop,pop,pop rap",2513147,77,0,0,0,0,1,0,0,0,0,0,0,0,0,1,0,0,0,0,0,0,0,0,0,0
"Timecop1983","6zrgIu0skCCFS7Ke9xOj1r","cyberpunk,synthwave",168648,49,0,0,0,0,0,0,0,0,0,0,0,0,0,0,0,0,0,0,0,0,0,0,0,0
"Timeflies","6dC0rIJNLSFZwqckLgXJ8p","indie pop rap",328974,51,0,0,0,0,0,0,0,0,0,0,0,0,0,0,0,0,0,0,0,0,0,0,0,0
"Tobtok","6pcxIOhQCNb7DX2iuEXgxL","deep tropical house,uk dance",31667,51,0,0,0,0,0,0,0,0,1,0,0,0,0,0,0,0,0,0,0,0,0,0,1,0
"Toby Keith","2bA6fzP0lMAQ4kz6CF61w8","classic oklahoma country,contemporary country,country,country road",2005772,69,0,0,0,0,0,0,0,0,0,0,0,0,0,0,0,0,0,0,0,0,0,0,0,0
"Tommy Tutone","1n2LWYgwtGp7EzDapUoniE","",45560,47,0,0,0,0,0,0,0,0,0,0,0,0,0,0,0,0,0,0,0,0,0,0,0,0
"Tori Kelly","1vSN1fsvrzpbttOYGsliDr","pop,post-teen pop",2112788,66,0,0,0,0,0,0,0,0,0,0,0,0,0,1,0,0,0,0,0,0,0,0,0,0
"Tove Lo","4NHQUGzhtTLFvgF5SZesLK","metropopolis,pop,swedish electropop,swedish pop,swedish synthpop",3389956,75,0,0,0,0,0,0,1,0,0,0,0,0,1,1,0,0,0,0,0,1,0,0,0,0
"Trans-Siberian Orchestra","5OSQDUNmll299ldFIF1Dau","neo classical metal,progressive metal",310146,40,0,0,0,0,0,0,0,0,0,0,0,0,0,0,0,0,0,0,0,0,0,0,0,0
"Tritonal","521qvhdobR0GzhvU6TFw76","edm,electro house,pop dance,pop edm,progressive electro house,progressive house,progressive trance",227181,55,0,0,0,0,0,1,0,0,1,0,0,0,0,1,1,1,0,0,0,0,0,0,0,0
"Troye Sivan","3WGpXCj9YhhfX11TToZcXP","australian pop,pop,viral pop",7623183,74,0,0,1,0,0,0,0,0,0,0,0,0,0,1,0,0,0,0,0,0,0,0,0,0
"Tungevaag","49CE2ffZ6Z3zeYSDauSKck","big room,nordic house",146345,67,0,0,0,0,0,0,0,0,0,0,0,0,0,0,0,0,0,0,0,0,0,0,0,0
"twenty one pilots","3YQKmKGau1PzlVlkL1iodx","modern rock,pop,pov: indie,rock",23655505,80,0,0,0,0,0,0,0,0,0,0,0,0,0,1,0,0,1,1,0,0,0,0,0,0
"Two Friends","44Ewva5aHOX00EwaX2D2mh","",185058,58,0,0,0,0,0,0,0,0,0,0,0,0,0,0,0,0,0,0,0,0,0,0,0,0
"tyDi","7tOUuyCplrFWLXCZuhE3C4","australian dance,deep uplifting trance",39207,42,0,0,0,0,0,0,0,0,0,0,0,0,0,0,0,0,0,0,0,0,0,0,0,0
"Unspoken","0CqDqmyIQ9VQHQp52OEbB0","ccm,christian alternative rock,christian music",198641,53,1,0,0,0,0,0,0,0,0,0,0,0,0,0,0,0,0,1,0,0,0,0,0,0
"Usher","23zg3TcAtWQy7J6upgbUnj","atl hip hop,contemporary r&b,dance pop,pop,r&b,rap,south carolina hip hop,urban contemporary",10504675,79,0,0,0,0,1,0,0,0,0,0,0,0,0,1,0,0,0,0,0,0,0,0,0,0
"V V Brown","39ZHUueufhIdbW4yu9uODG","british soul,metropopolis",31478,38,0,0,0,0,0,0,0,0,0,0,0,0,1,0,0,0,0,0,0,0,0,0,0,0
"Valley","7blXVKBSxdFZsIqlhdViKc","indietronica",194163,60,0,0,0,0,0,0,0,0,0,0,0,1,0,0,0,0,0,0,0,0,0,0,0,0
"Van Halen","2cnMpRsOVqtPMfq7YiFE6K","album rock,classic rock,hard rock,rock",5412791,72,0,0,0,0,0,0,0,0,0,0,0,0,0,0,0,0,0,1,0,0,0,0,0,0
"Van McCoy","0bShb58TO0fM5jOjXhB1WT","disco",76825,39,0,0,0,0,0,0,0,0,0,0,0,0,0,0,0,0,0,0,0,0,0,0,0,0
"Vanessa","4e9aNTVMuCs818a0mTsa9S","",687,19,0,0,0,0,0,0,0,0,0,0,0,0,0,0,0,0,0,0,0,0,0,0,0,0
"Vanessa Carlton","5ILrArfIV0tMURcHJN8Q07","lilith,neo mellow,piano rock,pop rock,post-teen pop",589010,63,0,0,0,0,0,0,0,0,0,0,0,0,0,1,0,0,0,1,0,0,0,0,0,0
"Vavo","44re77WwNG34C182Jq3WIK","",60538,50,0,0,0,0,0,0,0,0,0,0,0,0,0,0,0,0,0,0,0,0,0,0,0,0
"Vigiland","3tLYpanVDomWAZqF82NPds","deep pop edm,electronic trap",268767,57,0,0,0,0,0,1,0,0,0,0,0,0,0,0,0,1,0,0,0,0,0,0,0,0
"Vince Guaraldi Trio","4ytkhMSAnrDP8XzRNlw9FS","jazz trio",130264,49,0,0,0,0,0,0,0,0,0,0,0,0,0,0,0,0,0,0,0,0,0,0,0,0
"Vince Vance & The Valiants","6zclKpcV5UuKWn2eIRAT7n","novelty",1283,13,0,0,0,0,0,0,0,0,0,0,0,0,0,0,0,0,0,0,0,0,0,0,0,0
"Virginia to Vegas","3v9wPA58IVrX2dg6AjSPgi","canadian pop",73610,53,0,0,0,1,0,0,0,0,0,0,0,0,0,0,0,0,0,0,0,0,0,0,0,0
"W O L F C L U B","4dCDYKtFTMnKCI9PvEwMQX","nightrun,popwave,synthwave",29662,40,0,0,0,0,0,0,0,0,0,0,0,0,0,1,0,0,0,0,0,0,0,0,0,0
"Walk the Moon","6DIS6PRrLS3wbnZsf7vYic","dance rock,modern rock,pop",2067814,69,0,0,0,0,0,0,0,0,0,0,0,0,0,1,0,0,0,1,0,0,0,0,0,0
"Wang Chung","6Zh3xrWlA0SA9Fsfj9AVwm","album rock,new romantic,new wave,new wave pop,soft rock,synthpop",300466,53,0,0,0,0,0,0,0,0,0,0,0,0,0,1,0,0,0,1,0,0,0,0,0,0
"Wham!","5lpH0xAS4fVfLkACg9DAuM","new romantic,new wave,new wave pop,soft rock,synthpop",2301729,67,0,0,0,0,0,0,0,0,0,0,0,0,0,1,0,0,0,1,0,0,0,0,0,0
"Whitney Houston","6XpaIBNiVzIetEPCWDvAFP","dance pop",9235456,77,0,0,0,0,1,0,0,0,0,0,0,0,0,0,0,0,0,0,0,0,0,0,0,0
"Will Ferrell","7xF6Psrf6yNOBkB9jpMRa0","",13812,48,0,0,0,0,0,0,0,0,0,0,0,0,0,0,0,0,0,0,0,0,0,0,0,0
"Will Linley","3xnCBQeZDec3FFo8vUSt4N","",53733,51,0,0,0,0,0,0,0,0,0,0,0,0,0,0,0,0,0,0,0,0,0,0,0,0
"Wiz Khalifa","137W8MRPWKqSmrBGDBFSop","hip hop,pittsburgh rap,pop rap,rap,southern hip hop,trap",11046325,82,0,0,0,0,0,0,0,0,0,0,0,0,0,1,0,0,0,0,0,0,0,0,0,0
"Wynter Gordon","4nmrm4zpgJ0RC6aZRSUEjF","",61542,46,0,0,0,0,0,0,0,0,0,0,0,0,0,0,0,0,0,0,0,0,0,0,0,0
"Yeah Yeah Yeahs","3TNt4aUIxgfy9aoaft5Jj2","alternative dance,alternative rock,art pop,dance-punk,garage rock,indie rock,modern rock,neo-synthpop,new rave",1217859,66,1,1,0,0,0,0,0,0,0,0,0,0,0,1,0,0,0,1,0,0,0,0,0,0
"Years & Years","3oVcF3VdpMuvMvLLyHPT4t","alternative americana,new americana",143987,59,0,0,0,0,0,0,0,0,0,0,0,0,0,0,0,0,0,0,0,0,0,0,0,0
"Young Bombs","4LKB1IkCINDDjEX8iS7glI","pop edm",21800,51,0,0,0,0,0,0,0,0,0,0,0,0,0,0,0,1,0,0,0,0,0,0,0,0
"Zara Larsson","1Xylc3o4UrD53lo9CvFvVg","pop,scandipop,swedish electropop,swedish pop",10386565,76,0,0,0,0,0,0,1,0,0,0,0,0,0,1,0,0,0,0,0,1,0,0,0,0
"Zedd","2qxJFvFYMEDqd7ui6kSAcq","complextro,edm,german techno,pop,pop dance",5938837,75,0,0,0,0,0,1,0,0,0,0,0,0,0,1,1,0,0,0,0,0,0,0,0,0
