"","Artist","ArtistTrack","quarters","streams","percent"
"1","Ariana Grande","Ariana Grande - Into You","2016Q2",108,2.96458962393632
"2","Ariana Grande","Ariana Grande - Into You","2016Q3",25,0.891583452211127
"3","Ariana Grande","Ariana Grande - Into You","2016Q4",10,0.267952840300107
"4","Ariana Grande","Ariana Grande - Into You","2017Q1",3,0.100704934541793
"5","Ariana Grande","Ariana Grande - Into You","2017Q2",2,0.0439463854098
"6","Ariana Grande","Ariana Grande - Into You","2017Q3",3,0.125786163522013
"7","Ariana Grande","Ariana Grande - Into You","2017Q4",17,0.438483363425329
"8","Ariana Grande","Ariana Grande - Into You","2018Q1",57,0.757676458859498
"9","Ariana Grande","Ariana Grande - Into You","2018Q2",73,1.03590180218533
"10","Ariana Grande","Ariana Grande - Into You","2018Q3",47,0.664404862878145
"11","Ariana Grande","Ariana Grande - Into You","2018Q4",27,0.441176470588235
"12","Ariana Grande","Ariana Grande - Into You","2019Q1",22,0.455109640049648
"13","Ariana Grande","Ariana Grande - Into You","2019Q2",36,0.72
"14","Ariana Grande","Ariana Grande - Into You","2019Q3",10,0.298418382572366
"15","Ariana Grande","Ariana Grande - no tears left to cry","2018Q2",208,2.95161061444586
"16","Ariana Grande","Ariana Grande - no tears left to cry","2018Q3",77,1.0884930732259
"17","Ariana Grande","Ariana Grande - no tears left to cry","2018Q4",44,0.718954248366013
"18","Ariana Grande","Ariana Grande - no tears left to cry","2019Q1",10,0.206868018204386
"19","Ariana Grande","Ariana Grande - no tears left to cry","2019Q2",33,0.66
"20","Ariana Grande","Ariana Grande - no tears left to cry","2019Q3",7,0.208892867800657
"21","Ariana Grande","Ariana Grande - Touch It","2016Q2",28,0.768597309909415
"22","Ariana Grande","Ariana Grande - Touch It","2016Q3",10,0.356633380884451
"23","Ariana Grande","Ariana Grande - Touch It","2016Q4",14,0.37513397642015
"24","Ariana Grande","Ariana Grande - Touch It","2017Q1",3,0.100704934541793
"25","Ariana Grande","Ariana Grande - Touch It","2017Q2",6,0.1318391562294
"26","Ariana Grande","Ariana Grande - Touch It","2017Q3",5,0.209643605870021
"27","Ariana Grande","Ariana Grande - Touch It","2017Q4",22,0.567449058550426
"28","Ariana Grande","Ariana Grande - Touch It","2018Q1",25,0.332314236341885
"29","Ariana Grande","Ariana Grande - Touch It","2018Q2",81,1.14942528735632
"30","Ariana Grande","Ariana Grande - Touch It","2018Q3",34,0.480633305060786
"31","Ariana Grande","Ariana Grande - Touch It","2018Q4",21,0.343137254901961
"32","Ariana Grande","Ariana Grande - Touch It","2019Q1",40,0.827472072817542
"33","Ariana Grande","Ariana Grande - Touch It","2019Q2",3,0.06
"34","Ariana Grande","Ariana Grande - Touch It","2019Q3",20,0.596836765144733
"35","Ava Max","Ava Max - Sweet but Psycho","2018Q4",133,2.17320261437908
"36","Ava Max","Ava Max - Sweet but Psycho","2019Q1",121,2.50310302027307
"37","Ava Max","Ava Max - Sweet but Psycho","2019Q2",75,1.5
"38","Ava Max","Ava Max - Sweet but Psycho","2019Q3",46,1.37272455983289
"39","Cardiknox","Cardiknox - On My Way - Lost Kings Remix","2016Q4",34,0.911039657020364
"40","Cardiknox","Cardiknox - On My Way - Lost Kings Remix","2017Q1",5,0.167841557569654
"41","Cardiknox","Cardiknox - On My Way - Lost Kings Remix","2017Q2",10,0.219731927049
"42","Cardiknox","Cardiknox - On My Way - Lost Kings Remix","2017Q3",1,0.0419287211740042
"43","Cardiknox","Cardiknox - On My Way - Lost Kings Remix","2017Q4",8,0.206345112200155
"44","Cardiknox","Cardiknox - On My Way - Lost Kings Remix","2018Q1",22,0.292436527980859
"45","Cardiknox","Cardiknox - On My Way - Lost Kings Remix","2018Q2",22,0.312189584220236
"46","Cardiknox","Cardiknox - On My Way - Lost Kings Remix","2018Q3",7,0.0989539157478089
"47","Cardiknox","Cardiknox - On My Way - Lost Kings Remix","2018Q4",120,1.96078431372549
"48","Cardiknox","Cardiknox - On My Way - Lost Kings Remix","2019Q1",59,1.22052130740587
"49","Cardiknox","Cardiknox - On My Way - Lost Kings Remix","2019Q2",39,0.78
"50","Cardiknox","Cardiknox - On My Way - Lost Kings Remix","2019Q3",8,0.238734706057893
"51","Carly Rae Jepsen","Carly Rae Jepsen - Cut to the Feeling","2017Q2",215,4.7242364315535
"52","Carly Rae Jepsen","Carly Rae Jepsen - Cut to the Feeling","2017Q3",66,2.76729559748428
"53","Carly Rae Jepsen","Carly Rae Jepsen - Cut to the Feeling","2017Q4",65,1.67655403662626
"54","Carly Rae Jepsen","Carly Rae Jepsen - Cut to the Feeling","2018Q1",98,1.30267180646019
"55","Carly Rae Jepsen","Carly Rae Jepsen - Cut to the Feeling","2018Q2",115,1.63190009933305
"56","Carly Rae Jepsen","Carly Rae Jepsen - Cut to the Feeling","2018Q3",79,1.11676562058241
"57","Carly Rae Jepsen","Carly Rae Jepsen - Cut to the Feeling","2018Q4",65,1.06209150326797
"58","Carly Rae Jepsen","Carly Rae Jepsen - Cut to the Feeling","2019Q1",44,0.910219280099297
"59","Carly Rae Jepsen","Carly Rae Jepsen - Cut to the Feeling","2019Q2",53,1.06
"60","Carly Rae Jepsen","Carly Rae Jepsen - Cut to the Feeling","2019Q3",53,1.58161742763354
"61","Carly Rae Jepsen","Carly Rae Jepsen - Fever","2016Q1",9,1.26582278481013
"62","Carly Rae Jepsen","Carly Rae Jepsen - Fever","2016Q2",7,0.192149327477354
"63","Carly Rae Jepsen","Carly Rae Jepsen - Fever","2016Q3",36,1.28388017118402
"64","Carly Rae Jepsen","Carly Rae Jepsen - Fever","2016Q4",80,2.14362272240086
"65","Carly Rae Jepsen","Carly Rae Jepsen - Fever","2017Q1",3,0.100704934541793
"66","Carly Rae Jepsen","Carly Rae Jepsen - Fever","2017Q2",16,0.3515710832784
"67","Carly Rae Jepsen","Carly Rae Jepsen - Fever","2017Q3",34,1.42557651991614
"68","Carly Rae Jepsen","Carly Rae Jepsen - Fever","2017Q4",51,1.31545009027599
"69","Carly Rae Jepsen","Carly Rae Jepsen - Fever","2018Q1",164,2.17998139040276
"70","Carly Rae Jepsen","Carly Rae Jepsen - Fever","2018Q2",140,1.98666099049241
"71","Carly Rae Jepsen","Carly Rae Jepsen - Fever","2018Q3",101,1.4277636415041
"72","Carly Rae Jepsen","Carly Rae Jepsen - Fever","2018Q4",87,1.42156862745098
"73","Carly Rae Jepsen","Carly Rae Jepsen - Fever","2019Q1",57,1.179147703765
"74","Carly Rae Jepsen","Carly Rae Jepsen - Fever","2019Q2",61,1.22
"75","Carly Rae Jepsen","Carly Rae Jepsen - Fever","2019Q3",48,1.43240823634736
"76","Carly Rae Jepsen","Carly Rae Jepsen - Gimmie Love","2015Q4",111,2.90499869144203
"77","Carly Rae Jepsen","Carly Rae Jepsen - Gimmie Love","2016Q1",8,1.12517580872011
"78","Carly Rae Jepsen","Carly Rae Jepsen - Gimmie Love","2016Q2",11,0.301948943178699
"79","Carly Rae Jepsen","Carly Rae Jepsen - Gimmie Love","2016Q3",15,0.534950071326676
"80","Carly Rae Jepsen","Carly Rae Jepsen - Gimmie Love","2016Q4",9,0.241157556270096
"81","Carly Rae Jepsen","Carly Rae Jepsen - Gimmie Love","2017Q1",30,1.00704934541793
"82","Carly Rae Jepsen","Carly Rae Jepsen - Gimmie Love","2017Q2",5,0.1098659635245
"83","Carly Rae Jepsen","Carly Rae Jepsen - Gimmie Love","2017Q3",16,0.670859538784067
"84","Carly Rae Jepsen","Carly Rae Jepsen - Gimmie Love","2017Q4",25,0.644828475625484
"85","Carly Rae Jepsen","Carly Rae Jepsen - Gimmie Love","2018Q1",38,0.505117639239665
"86","Carly Rae Jepsen","Carly Rae Jepsen - Gimmie Love","2018Q2",34,0.482474811976728
"87","Carly Rae Jepsen","Carly Rae Jepsen - Gimmie Love","2018Q3",9,0.127226463104326
"88","Carly Rae Jepsen","Carly Rae Jepsen - Gimmie Love","2018Q4",20,0.326797385620915
"89","Carly Rae Jepsen","Carly Rae Jepsen - Gimmie Love","2019Q1",5,0.103434009102193
"90","Carly Rae Jepsen","Carly Rae Jepsen - Gimmie Love","2019Q2",2,0.04
"91","Carly Rae Jepsen","Carly Rae Jepsen - Gimmie Love","2019Q3",14,0.417785735601313
"92","Carly Rae Jepsen","Carly Rae Jepsen - I Really Like You","2015Q4",83,2.17220622873593
"93","Carly Rae Jepsen","Carly Rae Jepsen - I Really Like You","2016Q1",4,0.562587904360056
"94","Carly Rae Jepsen","Carly Rae Jepsen - I Really Like You","2016Q2",8,0.21959923140269
"95","Carly Rae Jepsen","Carly Rae Jepsen - I Really Like You","2016Q3",10,0.356633380884451
"96","Carly Rae Jepsen","Carly Rae Jepsen - I Really Like You","2016Q4",4,0.107181136120043
"97","Carly Rae Jepsen","Carly Rae Jepsen - I Really Like You","2017Q1",34,1.14132259147365
"98","Carly Rae Jepsen","Carly Rae Jepsen - I Really Like You","2017Q2",14,0.3076246978686
"99","Carly Rae Jepsen","Carly Rae Jepsen - I Really Like You","2017Q3",9,0.377358490566038
"100","Carly Rae Jepsen","Carly Rae Jepsen - I Really Like You","2017Q4",11,0.283724529275213
"101","Carly Rae Jepsen","Carly Rae Jepsen - I Really Like You","2018Q1",54,0.717798750498471
"102","Carly Rae Jepsen","Carly Rae Jepsen - I Really Like You","2018Q2",72,1.02171136653895
"103","Carly Rae Jepsen","Carly Rae Jepsen - I Really Like You","2018Q3",15,0.212044105173876
"104","Carly Rae Jepsen","Carly Rae Jepsen - I Really Like You","2018Q4",24,0.392156862745098
"105","Carly Rae Jepsen","Carly Rae Jepsen - I Really Like You","2019Q1",21,0.43442283822921
"106","Carly Rae Jepsen","Carly Rae Jepsen - I Really Like You","2019Q2",53,1.06
"107","Carly Rae Jepsen","Carly Rae Jepsen - I Really Like You","2019Q3",13,0.387943897344076
"108","Carly Rae Jepsen","Carly Rae Jepsen - Party for One","2018Q4",441,7.20588235294118
"109","Carly Rae Jepsen","Carly Rae Jepsen - Party for One","2019Q1",138,2.85477865122052
"110","Carly Rae Jepsen","Carly Rae Jepsen - Party for One","2019Q2",86,1.72
"111","Carly Rae Jepsen","Carly Rae Jepsen - Party for One","2019Q3",66,1.96956132497762
"112","Carly Rae Jepsen","Carly Rae Jepsen - Run Away with Me","2015Q4",39,1.02067521591206
"113","Carly Rae Jepsen","Carly Rae Jepsen - Run Away with Me","2016Q1",9,1.26582278481013
"114","Carly Rae Jepsen","Carly Rae Jepsen - Run Away with Me","2016Q2",19,0.521548174581389
"115","Carly Rae Jepsen","Carly Rae Jepsen - Run Away with Me","2016Q3",45,1.60485021398003
"116","Carly Rae Jepsen","Carly Rae Jepsen - Run Away with Me","2016Q4",34,0.911039657020364
"117","Carly Rae Jepsen","Carly Rae Jepsen - Run Away with Me","2017Q1",73,2.45048674051695
"118","Carly Rae Jepsen","Carly Rae Jepsen - Run Away with Me","2017Q2",98,2.1533728850802
"119","Carly Rae Jepsen","Carly Rae Jepsen - Run Away with Me","2017Q3",21,0.880503144654088
"120","Carly Rae Jepsen","Carly Rae Jepsen - Run Away with Me","2017Q4",61,1.57338148052618
"121","Carly Rae Jepsen","Carly Rae Jepsen - Run Away with Me","2018Q1",47,0.624750764322744
"122","Carly Rae Jepsen","Carly Rae Jepsen - Run Away with Me","2018Q2",140,1.98666099049241
"123","Carly Rae Jepsen","Carly Rae Jepsen - Run Away with Me","2018Q3",94,1.32880972575629
"124","Carly Rae Jepsen","Carly Rae Jepsen - Run Away with Me","2018Q4",85,1.38888888888889
"125","Carly Rae Jepsen","Carly Rae Jepsen - Run Away with Me","2019Q1",93,1.92387256930079
"126","Carly Rae Jepsen","Carly Rae Jepsen - Run Away with Me","2019Q2",81,1.62
"127","Carly Rae Jepsen","Carly Rae Jepsen - Run Away with Me","2019Q3",58,1.73082661891973
"128","Carly Rae Jepsen","Carly Rae Jepsen - The One","2016Q3",134,4.77888730385164
"129","Carly Rae Jepsen","Carly Rae Jepsen - The One","2016Q4",81,2.17041800643087
"130","Carly Rae Jepsen","Carly Rae Jepsen - The One","2017Q1",27,0.906344410876133
"131","Carly Rae Jepsen","Carly Rae Jepsen - The One","2017Q2",59,1.2964183695891
"132","Carly Rae Jepsen","Carly Rae Jepsen - The One","2017Q3",13,0.545073375262054
"133","Carly Rae Jepsen","Carly Rae Jepsen - The One","2017Q4",58,1.49600206345112
"134","Carly Rae Jepsen","Carly Rae Jepsen - The One","2018Q1",86,1.14316097301608
"135","Carly Rae Jepsen","Carly Rae Jepsen - The One","2018Q2",65,0.922378317014332
"136","Carly Rae Jepsen","Carly Rae Jepsen - The One","2018Q3",48,0.678541136556404
"137","Carly Rae Jepsen","Carly Rae Jepsen - The One","2018Q4",35,0.571895424836601
"138","Carly Rae Jepsen","Carly Rae Jepsen - The One","2019Q1",7,0.14480761274307
"139","Carly Rae Jepsen","Carly Rae Jepsen - The One","2019Q2",4,0.08
"140","Carly Rae Jepsen","Carly Rae Jepsen - The One","2019Q3",45,1.34288272157565
"141","Delta Goodrem","Delta Goodrem - Dear Life","2016Q3",131,4.67189728958631
"142","Delta Goodrem","Delta Goodrem - Dear Life","2016Q4",83,2.22400857449089
"143","Delta Goodrem","Delta Goodrem - Dear Life","2017Q1",23,0.772071164820409
"144","Delta Goodrem","Delta Goodrem - Dear Life","2017Q2",97,2.1313996923753
"145","Delta Goodrem","Delta Goodrem - Dear Life","2017Q3",27,1.13207547169811
"146","Delta Goodrem","Delta Goodrem - Dear Life","2017Q4",7,0.180551973175135
"147","Delta Goodrem","Delta Goodrem - Dear Life","2018Q1",54,0.717798750498471
"148","Delta Goodrem","Delta Goodrem - Dear Life","2018Q2",59,0.837235703136086
"149","Delta Goodrem","Delta Goodrem - Dear Life","2018Q3",42,0.593723494486853
"150","Delta Goodrem","Delta Goodrem - Dear Life","2018Q4",53,0.866013071895425
"151","Delta Goodrem","Delta Goodrem - Dear Life","2019Q1",42,0.868845676458419
"152","Delta Goodrem","Delta Goodrem - Dear Life","2019Q2",7,0.14
"153","Delta Goodrem","Delta Goodrem - Dear Life","2019Q3",31,0.925096985974336
"154","Disco Fries","Disco Fries - Born Ready - Halogen Radio Edit","2016Q2",119,3.26653856711501
"155","Disco Fries","Disco Fries - Born Ready - Halogen Radio Edit","2016Q3",41,1.46219686162625
"156","Disco Fries","Disco Fries - Born Ready - Halogen Radio Edit","2016Q4",35,0.937834941050375
"157","Disco Fries","Disco Fries - Born Ready - Halogen Radio Edit","2017Q1",4,0.134273246055723
"158","Disco Fries","Disco Fries - Born Ready - Halogen Radio Edit","2017Q2",42,0.922874093605801
"159","Disco Fries","Disco Fries - Born Ready - Halogen Radio Edit","2017Q3",9,0.377358490566038
"160","Disco Fries","Disco Fries - Born Ready - Halogen Radio Edit","2017Q4",8,0.206345112200155
"161","Disco Fries","Disco Fries - Born Ready - Halogen Radio Edit","2018Q1",67,0.890602153396251
"162","Disco Fries","Disco Fries - Born Ready - Halogen Radio Edit","2018Q2",93,1.31971051511281
"163","Disco Fries","Disco Fries - Born Ready - Halogen Radio Edit","2018Q3",38,0.53717839977382
"164","Disco Fries","Disco Fries - Born Ready - Halogen Radio Edit","2018Q4",83,1.3562091503268
"165","Disco Fries","Disco Fries - Born Ready - Halogen Radio Edit","2019Q1",36,0.744724865535788
"166","Disco Fries","Disco Fries - Born Ready - Halogen Radio Edit","2019Q2",15,0.3
"167","Disco Fries","Disco Fries - Born Ready - Halogen Radio Edit","2019Q3",8,0.238734706057893
"168","Fickle Friends","Fickle Friends - Lovesick","2018Q1",111,1.47547520935797
"169","Fickle Friends","Fickle Friends - Lovesick","2018Q2",94,1.33390095075919
"170","Fickle Friends","Fickle Friends - Lovesick","2018Q3",8,0.113090189426067
"171","Fickle Friends","Fickle Friends - Lovesick","2018Q4",41,0.669934640522876
"172","Fickle Friends","Fickle Friends - Lovesick","2019Q1",38,0.786098469176665
"173","Fickle Friends","Fickle Friends - Lovesick","2019Q2",6,0.12
"174","Fickle Friends","Fickle Friends - Lovesick","2019Q3",7,0.208892867800657
"175","Fickle Friends","Fickle Friends - Say No More","2018Q1",216,2.87119500199389
"176","Fickle Friends","Fickle Friends - Say No More","2018Q2",161,2.28466013906627
"177","Fickle Friends","Fickle Friends - Say No More","2018Q3",69,0.97540288379983
"178","Fickle Friends","Fickle Friends - Say No More","2018Q4",95,1.55228758169935
"179","Fickle Friends","Fickle Friends - Say No More","2019Q1",53,1.09640049648324
"180","Fickle Friends","Fickle Friends - Say No More","2019Q2",57,1.14
"181","Fickle Friends","Fickle Friends - Say No More","2019Q3",57,1.70098478066249
"182","Fifth Harmony","Fifth Harmony - Work From Home","2016Q1",44,6.18846694796062
"183","Fifth Harmony","Fifth Harmony - Work From Home","2016Q2",86,2.36069173757892
"184","Fifth Harmony","Fifth Harmony - Work From Home","2016Q3",31,1.1055634807418
"185","Fifth Harmony","Fifth Harmony - Work From Home","2016Q4",34,0.911039657020364
"186","Fifth Harmony","Fifth Harmony - Work From Home","2017Q1",51,1.71198388721047
"187","Fifth Harmony","Fifth Harmony - Work From Home","2017Q2",54,1.1865524060646
"188","Fifth Harmony","Fifth Harmony - Work From Home","2017Q3",1,0.0419287211740042
"189","Fifth Harmony","Fifth Harmony - Work From Home","2017Q4",5,0.128965695125097
"190","Fifth Harmony","Fifth Harmony - Work From Home","2018Q1",31,0.412069653063937
"191","Fifth Harmony","Fifth Harmony - Work From Home","2018Q2",7,0.0993330495246204
"192","Fifth Harmony","Fifth Harmony - Work From Home","2018Q3",44,0.62199604184337
"193","Fifth Harmony","Fifth Harmony - Work From Home","2018Q4",9,0.147058823529412
"194","Fifth Harmony","Fifth Harmony - Work From Home","2019Q1",14,0.28961522548614
"195","Fifth Harmony","Fifth Harmony - Work From Home","2019Q2",15,0.3
"196","Kelly Clarkson","Kelly Clarkson - Breakaway","2015Q4",2,0.0523423187647213
"197","Kelly Clarkson","Kelly Clarkson - Breakaway","2016Q1",1,0.140646976090014
"198","Kelly Clarkson","Kelly Clarkson - Breakaway","2016Q2",11,0.301948943178699
"199","Kelly Clarkson","Kelly Clarkson - Breakaway","2016Q3",9,0.320970042796006
"200","Kelly Clarkson","Kelly Clarkson - Breakaway","2016Q4",3,0.0803858520900322
"201","Kelly Clarkson","Kelly Clarkson - Breakaway","2017Q1",9,0.302114803625378
"202","Kelly Clarkson","Kelly Clarkson - Breakaway","2017Q2",19,0.4174906613931
"203","Kelly Clarkson","Kelly Clarkson - Breakaway","2017Q3",11,0.461215932914046
"204","Kelly Clarkson","Kelly Clarkson - Breakaway","2017Q4",12,0.309517668300232
"205","Kelly Clarkson","Kelly Clarkson - Breakaway","2018Q1",29,0.385484514156586
"206","Kelly Clarkson","Kelly Clarkson - Breakaway","2018Q2",81,1.14942528735632
"207","Kelly Clarkson","Kelly Clarkson - Breakaway","2018Q3",88,1.24399208368674
"208","Kelly Clarkson","Kelly Clarkson - Breakaway","2018Q4",77,1.25816993464052
"209","Kelly Clarkson","Kelly Clarkson - Breakaway","2019Q1",46,0.951592883740174
"210","Kelly Clarkson","Kelly Clarkson - Breakaway","2019Q2",51,1.02
"211","Kelly Clarkson","Kelly Clarkson - Breakaway","2019Q3",16,0.477469412115786
"212","Kelly Clarkson","Kelly Clarkson - Since U Been Gone","2015Q4",1,0.0261711593823606
"213","Kelly Clarkson","Kelly Clarkson - Since U Been Gone","2016Q1",3,0.421940928270042
"214","Kelly Clarkson","Kelly Clarkson - Since U Been Gone","2016Q2",21,0.576447982432061
"215","Kelly Clarkson","Kelly Clarkson - Since U Been Gone","2016Q3",1,0.0356633380884451
"216","Kelly Clarkson","Kelly Clarkson - Since U Been Gone","2016Q4",2,0.0535905680600214
"217","Kelly Clarkson","Kelly Clarkson - Since U Been Gone","2017Q1",4,0.134273246055723
"218","Kelly Clarkson","Kelly Clarkson - Since U Been Gone","2017Q2",10,0.219731927049
"219","Kelly Clarkson","Kelly Clarkson - Since U Been Gone","2017Q4",13,0.335310807325251
"220","Kelly Clarkson","Kelly Clarkson - Since U Been Gone","2018Q1",69,0.917187292303602
"221","Kelly Clarkson","Kelly Clarkson - Since U Been Gone","2018Q2",45,0.638569604086845
"222","Kelly Clarkson","Kelly Clarkson - Since U Been Gone","2018Q3",93,1.31467345207803
"223","Kelly Clarkson","Kelly Clarkson - Since U Been Gone","2018Q4",64,1.04575163398693
"224","Kelly Clarkson","Kelly Clarkson - Since U Been Gone","2019Q1",45,0.930906081919735
"225","Kelly Clarkson","Kelly Clarkson - Since U Been Gone","2019Q2",69,1.38
"226","Kelly Clarkson","Kelly Clarkson - Since U Been Gone","2019Q3",23,0.686362279916443
"227","Lady Gaga","Lady Gaga - Applause","2015Q4",7,0.183198115676524
"228","Lady Gaga","Lady Gaga - Applause","2016Q1",2,0.281293952180028
"229","Lady Gaga","Lady Gaga - Applause","2016Q2",8,0.21959923140269
"230","Lady Gaga","Lady Gaga - Applause","2016Q3",8,0.285306704707561
"231","Lady Gaga","Lady Gaga - Applause","2016Q4",4,0.107181136120043
"232","Lady Gaga","Lady Gaga - Applause","2017Q1",14,0.469956361195032
"233","Lady Gaga","Lady Gaga - Applause","2017Q2",4,0.0878927708196001
"234","Lady Gaga","Lady Gaga - Applause","2017Q3",11,0.461215932914046
"235","Lady Gaga","Lady Gaga - Applause","2017Q4",12,0.309517668300232
"236","Lady Gaga","Lady Gaga - Applause","2018Q1",89,1.18303868137711
"237","Lady Gaga","Lady Gaga - Applause","2018Q2",13,0.184475663402866
"238","Lady Gaga","Lady Gaga - Applause","2018Q3",63,0.89058524173028
"239","Lady Gaga","Lady Gaga - Applause","2018Q4",12,0.196078431372549
"240","Lady Gaga","Lady Gaga - Applause","2019Q1",55,1.13777410012412
"241","Lady Gaga","Lady Gaga - Applause","2019Q2",37,0.74
"242","Lady Gaga","Lady Gaga - Applause","2019Q3",42,1.25335720680394
"243","Lady Gaga","Lady Gaga - Just Dance","2015Q4",3,0.0785134781470819
"244","Lady Gaga","Lady Gaga - Just Dance","2016Q1",1,0.140646976090014
"245","Lady Gaga","Lady Gaga - Just Dance","2016Q2",11,0.301948943178699
"246","Lady Gaga","Lady Gaga - Just Dance","2016Q3",18,0.641940085592011
"247","Lady Gaga","Lady Gaga - Just Dance","2016Q4",21,0.562700964630225
"248","Lady Gaga","Lady Gaga - Just Dance","2017Q1",7,0.234978180597516
"249","Lady Gaga","Lady Gaga - Just Dance","2017Q2",9,0.1977587343441
"250","Lady Gaga","Lady Gaga - Just Dance","2017Q3",7,0.293501048218029
"251","Lady Gaga","Lady Gaga - Just Dance","2017Q4",4,0.103172556100077
"252","Lady Gaga","Lady Gaga - Just Dance","2018Q1",99,1.31596437591386
"253","Lady Gaga","Lady Gaga - Just Dance","2018Q2",56,0.794664396196963
"254","Lady Gaga","Lady Gaga - Just Dance","2018Q3",78,1.10262934690416
"255","Lady Gaga","Lady Gaga - Just Dance","2018Q4",36,0.588235294117647
"256","Lady Gaga","Lady Gaga - Just Dance","2019Q1",20,0.413736036408771
"257","Lady Gaga","Lady Gaga - Just Dance","2019Q2",66,1.32
"258","Lady Gaga","Lady Gaga - Just Dance","2019Q3",30,0.895255147717099
"259","Lady Gaga","Lady Gaga - Poker Face","2015Q4",2,0.0523423187647213
"260","Lady Gaga","Lady Gaga - Poker Face","2016Q1",2,0.281293952180028
"261","Lady Gaga","Lady Gaga - Poker Face","2016Q2",4,0.109799615701345
"262","Lady Gaga","Lady Gaga - Poker Face","2016Q3",6,0.21398002853067
"263","Lady Gaga","Lady Gaga - Poker Face","2016Q4",2,0.0535905680600214
"264","Lady Gaga","Lady Gaga - Poker Face","2017Q1",11,0.369251426653239
"265","Lady Gaga","Lady Gaga - Poker Face","2017Q2",11,0.2417051197539
"266","Lady Gaga","Lady Gaga - Poker Face","2017Q3",4,0.167714884696017
"267","Lady Gaga","Lady Gaga - Poker Face","2017Q4",5,0.128965695125097
"268","Lady Gaga","Lady Gaga - Poker Face","2018Q1",87,1.15645354246976
"269","Lady Gaga","Lady Gaga - Poker Face","2018Q2",89,1.26294877252732
"270","Lady Gaga","Lady Gaga - Poker Face","2018Q3",49,0.692677410234662
"271","Lady Gaga","Lady Gaga - Poker Face","2018Q4",37,0.604575163398693
"272","Lady Gaga","Lady Gaga - Poker Face","2019Q1",20,0.413736036408771
"273","Lady Gaga","Lady Gaga - Poker Face","2019Q2",75,1.5
"274","Lady Gaga","Lady Gaga - Poker Face","2019Q3",21,0.62667860340197
"275","Lady Gaga","Lady Gaga - The Cure","2017Q2",268,5.88881564491321
"276","Lady Gaga","Lady Gaga - The Cure","2017Q3",10,0.419287211740042
"277","Lady Gaga","Lady Gaga - The Cure","2017Q4",44,1.13489811710085
"278","Lady Gaga","Lady Gaga - The Cure","2018Q1",46,0.611458194869068
"279","Lady Gaga","Lady Gaga - The Cure","2018Q2",35,0.496665247623102
"280","Lady Gaga","Lady Gaga - The Cure","2018Q3",42,0.593723494486853
"281","Lady Gaga","Lady Gaga - The Cure","2018Q4",9,0.147058823529412
"282","Lady Gaga","Lady Gaga - The Cure","2019Q1",6,0.124120810922631
"283","Lady Gaga","Lady Gaga - The Cure","2019Q2",33,0.66
"284","Lady Gaga","Lady Gaga - The Cure","2019Q3",1,0.0298418382572366
"285","Lost Kings","Lost Kings - Quit You","2017Q1",32,1.07418596844579
"286","Lost Kings","Lost Kings - Quit You","2017Q2",68,1.4941771039332
"287","Lost Kings","Lost Kings - Quit You","2017Q3",7,0.293501048218029
"288","Lost Kings","Lost Kings - Quit You","2017Q4",34,0.876966726850658
"289","Lost Kings","Lost Kings - Quit You","2018Q1",12,0.159510833444105
"290","Lost Kings","Lost Kings - Quit You","2018Q2",49,0.695331346672343
"291","Lost Kings","Lost Kings - Quit You","2018Q3",11,0.155499010460843
"292","Lost Kings","Lost Kings - Quit You","2018Q4",8,0.130718954248366
"293","Lost Kings","Lost Kings - Quit You","2019Q1",40,0.827472072817542
"294","Lost Kings","Lost Kings - Quit You","2019Q2",7,0.14
"295","Lost Kings","Lost Kings - Quit You","2019Q3",10,0.298418382572366
"296","Mariah Carey","Mariah Carey - All I Want for Christmas Is You","2015Q4",54,1.41324260664747
"297","Mariah Carey","Mariah Carey - All I Want for Christmas Is You","2016Q2",14,0.384298654954708
"298","Mariah Carey","Mariah Carey - All I Want for Christmas Is You","2016Q3",12,0.427960057061341
"299","Mariah Carey","Mariah Carey - All I Want for Christmas Is You","2016Q4",64,1.71489817792069
"300","Mariah Carey","Mariah Carey - All I Want for Christmas Is You","2017Q2",1,0.0219731927049
"301","Mariah Carey","Mariah Carey - All I Want for Christmas Is You","2017Q3",9,0.377358490566038
"302","Mariah Carey","Mariah Carey - All I Want for Christmas Is You","2017Q4",64,1.65076089760124
"303","Mariah Carey","Mariah Carey - All I Want for Christmas Is You","2018Q1",1,0.0132925694536754
"304","Mariah Carey","Mariah Carey - All I Want for Christmas Is You","2018Q2",3,0.042571306939123
"305","Mariah Carey","Mariah Carey - All I Want for Christmas Is You","2018Q3",27,0.381679389312977
"306","Mariah Carey","Mariah Carey - All I Want for Christmas Is You","2018Q4",53,0.866013071895425
"307","Mariah Carey","Mariah Carey - All I Want for Christmas Is You","2019Q3",8,0.238734706057893
"308","Sia","Sia - Cheap Thrills","2016Q1",25,3.51617440225035
"309","Sia","Sia - Cheap Thrills","2016Q2",23,0.631347790282734
"310","Sia","Sia - Cheap Thrills","2016Q3",65,2.31811697574893
"311","Sia","Sia - Cheap Thrills","2016Q4",91,2.43837084673098
"312","Sia","Sia - Cheap Thrills","2017Q1",17,0.570661295736824
"313","Sia","Sia - Cheap Thrills","2017Q2",23,0.5053834322127
"314","Sia","Sia - Cheap Thrills","2017Q3",5,0.209643605870021
"315","Sia","Sia - Cheap Thrills","2017Q4",9,0.232138251225174
"316","Sia","Sia - Cheap Thrills","2018Q1",49,0.651335903230094
"317","Sia","Sia - Cheap Thrills","2018Q2",14,0.198666099049241
"318","Sia","Sia - Cheap Thrills","2018Q3",33,0.466497031382528
"319","Sia","Sia - Cheap Thrills","2018Q4",26,0.42483660130719
"320","Sia","Sia - Cheap Thrills","2019Q1",16,0.330988829127017
"321","Sia","Sia - Cheap Thrills","2019Q2",1,0.02
"322","Sia","Sia - Cheap Thrills","2019Q3",7,0.208892867800657
"323","The Chainsmokers","The Chainsmokers - Don't Let Me Down","2016Q2",46,1.26269558056547
"324","The Chainsmokers","The Chainsmokers - Don't Let Me Down","2016Q3",64,2.28245363766049
"325","The Chainsmokers","The Chainsmokers - Don't Let Me Down","2016Q4",71,1.90246516613076
"326","The Chainsmokers","The Chainsmokers - Don't Let Me Down","2017Q1",22,0.738502853306479
"327","The Chainsmokers","The Chainsmokers - Don't Let Me Down","2017Q2",22,0.4834102395078
"328","The Chainsmokers","The Chainsmokers - Don't Let Me Down","2017Q3",5,0.209643605870021
"329","The Chainsmokers","The Chainsmokers - Don't Let Me Down","2017Q4",16,0.41269022440031
"330","The Chainsmokers","The Chainsmokers - Don't Let Me Down","2018Q1",30,0.398777083610262
"331","The Chainsmokers","The Chainsmokers - Don't Let Me Down","2018Q2",57,0.808854831843338
"332","The Chainsmokers","The Chainsmokers - Don't Let Me Down","2018Q3",64,0.904721515408538
"333","The Chainsmokers","The Chainsmokers - Don't Let Me Down","2018Q4",19,0.310457516339869
"334","The Chainsmokers","The Chainsmokers - Don't Let Me Down","2019Q1",23,0.475796441870087
"335","The Chainsmokers","The Chainsmokers - Don't Let Me Down","2019Q2",7,0.14
"336","The Chainsmokers","The Chainsmokers - Don't Let Me Down","2019Q3",25,0.746045956430916
"337","The Chainsmokers","The Chainsmokers - Side Effects","2018Q3",261,3.68956743002544
"338","The Chainsmokers","The Chainsmokers - Side Effects","2018Q4",31,0.506535947712418
"339","The Chainsmokers","The Chainsmokers - Side Effects","2019Q1",11,0.227554820024824
"340","The Chainsmokers","The Chainsmokers - Side Effects","2019Q2",4,0.08
"341","The Chainsmokers","The Chainsmokers - Side Effects","2019Q3",3,0.0895255147717099
"342","The Killers","The Killers - Mr. Brightside","2015Q4",1,0.0261711593823606
"343","The Killers","The Killers - Mr. Brightside","2016Q2",2,0.0548998078506725
"344","The Killers","The Killers - Mr. Brightside","2016Q3",1,0.0356633380884451
"345","The Killers","The Killers - Mr. Brightside","2016Q4",1,0.0267952840300107
"346","The Killers","The Killers - Mr. Brightside","2017Q1",7,0.234978180597516
"347","The Killers","The Killers - Mr. Brightside","2017Q2",45,0.988793671720501
"348","The Killers","The Killers - Mr. Brightside","2017Q3",2,0.0838574423480084
"349","The Killers","The Killers - Mr. Brightside","2017Q4",15,0.38689708537529
"350","The Killers","The Killers - Mr. Brightside","2018Q1",25,0.332314236341885
"351","The Killers","The Killers - Mr. Brightside","2018Q2",58,0.823045267489712
"352","The Killers","The Killers - Mr. Brightside","2018Q3",10,0.141362736782584
"353","The Killers","The Killers - Mr. Brightside","2018Q4",29,0.473856209150327
"354","The Killers","The Killers - Mr. Brightside","2019Q1",51,1.05502689284237
"355","The Killers","The Killers - Mr. Brightside","2019Q2",5,0.1
"356","The Killers","The Killers - Mr. Brightside","2019Q3",36,1.07430617726052
"357","The Knocks","The Knocks - Love Me Like That (feat. Carly Rae Jepsen)","2016Q1",6,0.843881856540084
"358","The Knocks","The Knocks - Love Me Like That (feat. Carly Rae Jepsen)","2016Q2",12,0.329398847104035
"359","The Knocks","The Knocks - Love Me Like That (feat. Carly Rae Jepsen)","2016Q3",24,0.855920114122682
"360","The Knocks","The Knocks - Love Me Like That (feat. Carly Rae Jepsen)","2016Q4",41,1.09860664523044
"361","The Knocks","The Knocks - Love Me Like That (feat. Carly Rae Jepsen)","2017Q1",32,1.07418596844579
"362","The Knocks","The Knocks - Love Me Like That (feat. Carly Rae Jepsen)","2017Q2",56,1.2304987914744
"363","The Knocks","The Knocks - Love Me Like That (feat. Carly Rae Jepsen)","2017Q3",12,0.50314465408805
"364","The Knocks","The Knocks - Love Me Like That (feat. Carly Rae Jepsen)","2017Q4",13,0.335310807325251
"365","The Knocks","The Knocks - Love Me Like That (feat. Carly Rae Jepsen)","2018Q1",144,1.91413000132926
"366","The Knocks","The Knocks - Love Me Like That (feat. Carly Rae Jepsen)","2018Q2",146,2.07180360437065
"367","The Knocks","The Knocks - Love Me Like That (feat. Carly Rae Jepsen)","2018Q3",69,0.97540288379983
"368","The Knocks","The Knocks - Love Me Like That (feat. Carly Rae Jepsen)","2018Q4",48,0.784313725490196
"369","The Knocks","The Knocks - Love Me Like That (feat. Carly Rae Jepsen)","2019Q1",51,1.05502689284237
"370","The Knocks","The Knocks - Love Me Like That (feat. Carly Rae Jepsen)","2019Q2",24,0.48
"371","The Knocks","The Knocks - Love Me Like That (feat. Carly Rae Jepsen)","2019Q3",33,0.984780662488809
